date,open,high,low,close,price,volume,wt1,wt2
2021-05-21,40597.4,42252.07,33552.8,37350.39,37350.39,4573692788.95,-34.386365794972214,-25.755980183481338
2021-05-22,37350.39,38841.92,35287.71,37491.5,37491.5,2808008188.27,-41.70656877575975,-32.02464419259931
2021-05-23,37491.5,38304.55,31157.18,34716.84,34716.84,4494413873.1,-47.773322313007405,-37.89449487318635
2021-05-24,34716.84,39945.35,34467.32,38837.76,38837.76,3981461441.04,-52.430779042448705,-44.07425898154702
2021-05-25,38837.76,39842.9,36509.09,38387.36,38387.36,2529569055.97,-52.1468628189942,-48.51438323755251
2021-05-26,38387.36,40854.81,37855.81,39295.08,39295.08,2607759779.42,-53.79827520373994,-51.537309844547565
2021-05-27,39295.08,40408.95,37211.84,38538.84,38538.84,1804036815.09,-56.758364157143355,-53.78357030558155
2021-05-28,38538.84,38879.6,34733.76,35680.92,35680.92,3104364367.82,-61.8528557050504,-56.13908947123197
2021-05-29,35680.92,37307.1,33666.06,34611.58,34611.58,2127790128.94,-69.18033820164058,-60.39745831689358
2021-05-30,34611.58,36481.62,33400.65,35662.59,35662.59,1325408340.1,-74.49845465558893,-65.57250317985581
2021-05-31,35662.59,37512.8,34202.86,37290.83,37290.83,1821662523.97,-75.4955994395902,-70.25681200046753
2021-06-01,37290.83,37910.19,35733.52,36683.51,36683.51,1626268789.21,-74.79092103776134,-73.49132833364527
2021-06-02,36683.51,38225.18,35935.34,37576.98,37576.98,1494571249.19,-67.7357945194551,-73.13019241309888
2021-06-03,37576.98,39482.46,37199.92,39229.66,39229.66,1586641442.02,-58.511557245344584,-69.13346806053781
2021-06-04,39229.66,39273.49,35617.03,36861.5,36861.5,1837944242.33,-54.44596007478923,-63.87105821933756
2021-06-05,36861.5,37911.76,34846.16,35538.4,35538.4,1444088532.56,-51.80510052308246,-58.12460309066784
2021-06-06,35538.4,36453.81,35264.34,35798.57,35798.57,986275148.28,-49.64308871831912,-53.60142664038385
2021-06-07,35798.57,36790.39,33367.12,33582.86,33582.86,1850311020.63,-48.59467236485544,-51.122205420261565
2021-06-08,33582.86,34061.09,31034.35,33409.38,33409.38,2890313261.68,-49.73109266076941,-49.943488566756606
2021-06-09,33409.38,37528.42,32435.18,37391.58,37391.58,3249553573.38,-43.758538662791885,-47.93184810168397
2021-06-10,37391.58,38387.2,35821.05,36680.78,36680.78,2338112083.52,-38.1281234621246,-45.053106787635336
2021-06-11,36680.78,37665.85,35981.84,37339.98,37339.98,1596038876.7,-32.62392442736182,-41.06041980326193
2021-06-12,37339.98,37445.32,34655.21,35541.78,35541.78,1450138289.51,-30.272828536035302,-36.1958537720784
2021-07-08,33880.79,33934.31,32108.68,32874.01,32874.01,1573967671.27,-34.91142107600246,-27.592423542274553
2021-07-09,32874.01,34076.49,32274.31,33804.2,33804.2,853165387.13,-34.68885566256554,-31.03569987526363
2021-07-10,33804.2,34253.5,33030.16,33515.13,33515.13,651899496.99,-32.42066716121753,-32.635040270664554
2021-07-15,32820.5,33188.54,31133.75,31867.46,31867.46,1073939852.55,-30.232770749216073,-26.2264510392339
2021-07-16,31867.46,32256.94,31046.14,31401.76,31401.76,812765644.4,-32.45209108756836,-28.27744320098111
2021-07-17,31401.76,31966.25,31194.16,31546.64,31546.64,881285396.92,-32.651951080719314,-30.443828660974006
2021-07-18,31546.64,32446.17,31131.67,31806.3,31806.3,796652696.45,-35.10273661205139,-32.609887382388784
2021-07-19,31806.3,31907.17,30487.11,30847.55,30847.55,1179342118.61,-40.3992555416733,-35.15150858050309
2021-07-20,30847.55,31063.88,29320.09,29795.55,29795.55,1291958152.32,-48.74282250757937,-39.224191435505844
2021-07-21,29795.55,32814.13,29513.88,32139.48,32139.48,1538668590.41,-51.32609090601167,-43.89272639182893
2021-07-22,32139.48,32604.4,31738.48,32299.47,32299.47,785311959.3,-48.313184245494526,-47.19533830018972
2021-07-23,32299.47,33637.93,32012.62,33637.92,33637.92,765209760.41,-42.358654568975666,-47.68518805701531
2021-07-24,33637.92,34519.75,33429.09,34282.56,34282.56,686017155.75,-37.52941168110525,-44.88183535039678
2021-07-25,34282.56,35382.63,33892.36,35369.93,35369.93,781929775.48,-35.19178469980612,-40.848258798845386
2021-09-25,42848.41,42992.94,41710.08,42721.91,42721.91,767641976.96,-33.80957507865922,-22.773499407741365
2021-09-26,42721.91,43928.49,40825.4,43201.79,43201.79,1187820024.18,-41.68158469200303,-30.105277692991667
2021-09-27,43201.79,44360.41,42139.24,42187.51,42187.51,1140232492.25,-49.252963939663246,-37.789812212277994
2021-09-28,42187.51,42781.24,40924.13,41056.79,41056.79,1335757058.57,-49.441136473345416,-43.54631504591773
2021-09-29,41056.79,42603.18,40790.67,41539.43,41539.43,1100252801.68,-46.95029013634494,-46.83149381033916
2021-09-30,41539.43,44106.6,41436.79,43829.34,43829.34,1469981944.79,-43.229228880632284,-47.21840485749647
2021-10-01,43829.34,48470.13,43304.82,48164.35,48164.35,2498575570.28,-33.05105163331347,-43.16792678090903
2021-11-29,57331.41,58898.57,56752.37,57839.55,57839.55,1690005715.85,-34.458270822636,-24.18476037354958
2021-11-30,57839.55,59226.33,55931.33,56975.35,56975.35,2383744473.31,-41.70033617563016,-30.310701772742178
2021-12-01,56975.35,59096.53,56505.99,57227.97,57227.97,2072824070.98,-44.68647122855458,-36.644002411831586
2021-12-02,57227.97,57409.48,55850.4,56522.76,56522.76,1712170975.38,-48.379593876947,-42.30616802594194
2021-12-03,56522.76,57639.15,52493.23,53663.25,53663.25,2461497753.56,-53.70560709222958,-47.11800209334034
2021-12-04,53663.25,53871.2,43563.07,49243.39,49243.39,4315348557.56,-63.50371890103098,-52.56884777469054
2021-12-05,49243.39,49764.31,47840.63,49465.5,49465.5,2074283149.33,-71.55662338165507,-59.28638581296566
2021-12-06,49465.5,50986.02,47260.2,50552.83,50552.83,2437856119.9,-76.40138645197808,-66.29183395672344
2021-12-07,50552.83,51953.27,50083.33,50633.01,50633.01,1496164576.66,-71.4573807005314,-70.72977735879888
2021-12-08,50633.01,51215.6,48711.85,50513.04,50513.04,1290175070.3,-67.94230888505115,-71.83942485480392
2021-12-09,50513.04,50829.41,47347.73,47593.85,47593.85,1681556175.72,-65.23826104299124,-70.25983427013797
2021-12-10,47593.85,50047.85,46989.42,47191.14,47191.14,1905617871.17,-63.36991784627588,-67.00196711871243
2021-12-11,47191.14,49504.07,46829.85,49398.4,49398.4,1181186604.23,-63.23174857297131,-64.9455590868224
2021-12-12,49398.4,50807.75,48689.25,50109.99,50109.99,1072562349.4,-61.91749073685826,-63.43935454977417
2021-12-13,50109.99,50215.42,45800.52,46731.03,46731.03,2353893179.4,-61.17088065328234,-62.42250945234695
2021-12-14,46731.03,48665.63,46320.4,48387.69,48387.69,1646492085.28,-60.31249025678847,-61.6581525549751
2021-12-15,48387.69,49499.91,46562.1,48885.05,48885.05,2132679583.02,-59.050657994156836,-60.61287991027148
2021-12-16,48885.05,49451.4,47546.15,47635.92,47635.92,1271265804.99,-60.05570525373479,-60.14743353949061
2021-12-17,47635.92,48004.37,45505.02,46164.14,46164.14,1756062773.63,-59.37612802952179,-59.698745383550474
2021-12-18,46164.14,47356.67,45522.92,46861.62,46861.62,874187163.05,-58.01662672673746,-59.12477950103772
2021-12-19,46861.62,48286.29,46459.66,46697.13,46697.13,1035963939.83,-57.85924173618677,-58.82692543654521
2021-12-20,46697.13,47495.72,45586.49,46913.54,46913.54,1517599333.73,-60.98210090628016,-59.05852434968155
2021-12-21,46913.54,49334.04,46661.88,48917.48,48917.48,1546447524.57,-60.0068677049329,-59.21620926853433
2021-12-22,48917.48,49581.41,48460.43,48614.97,48614.97,1028434929.44,-58.44471345246197,-59.32323094996545
2021-12-23,48614.97,51382.88,48062.25,50830.2,50830.2,1525047125.27,-52.52105656927622,-57.988684658237815
2021-12-24,50830.2,51863.56,50449.36,50840.36,50840.36,1107244995.18,-42.559001631730666,-53.382909839600444
2021-12-25,50840.36,51158.56,50199.56,50431.63,50431.63,585818997.15,-30.395210342549532,-45.9799954990046
2022-01-09,41686.67,42800.66,41237.13,41869.6,41869.6,901652458.82,-30.004094664032543,-27.823668206733558
2022-01-10,41869.6,42251.07,39667.6,41832.59,41832.59,2140270933.32,-30.98860786881463,-29.22334143060054
2022-01-11,41832.59,43122.32,41279.45,42743.03,42743.03,1545270650.68,-33.52572995579883,-30.79804418136994
2022-01-12,42743.03,44293.83,42471.08,43919.67,43919.67,1384575768.8,-35.36476304201772,-32.47079888266593
2022-01-13,43919.67,44442.67,42334.75,42575.61,42575.61,1263083590.1,-39.90671560102548,-34.94645411691417
2022-01-14,42575.61,43467.05,41785.44,43089.83,43089.83,1165100829.55,-45.743521739762514,-38.63518258465114
2022-01-15,43089.83,43811.94,42589.82,43088.74,43088.74,607715303.39,-49.032015851737505,-42.51175405863581
2022-01-16,43088.74,43484.21,42617.07,43100.36,43100.36,543620929.25,-52.0259927569703,-46.677061487373955
2022-01-17,43100.36,43198.05,41571.67,42224.38,42224.38,861459661.83,-57.77127036127312,-51.143200177435865
2022-01-18,42224.38,42682.77,41301.01,42372.75,42372.75,1099916846.37,-58.18480352998683,-54.253520624991936
2022-01-19,42372.75,42575.28,41144.83,41674.8,41674.8,1359832054.32,-56.8025406989977,-56.19615183680699
2022-01-20,41674.8,43513.14,40564.32,40697.03,40697.03,1482814889.83,-56.534949291491955,-57.32339097043741
2022-01-21,40697.03,41116.66,35494.42,36469.3,36469.3,3610621840.61,-62.04608306754157,-58.39209414700452
2022-01-22,36469.3,36811.86,34130.35,35075.92,35075.92,2419705021.17,-67.84684119838865,-60.80760356410497
2022-01-23,35075.92,36539.19,34648.38,36288.15,36288.15,1405386710.59,-71.13625286318286,-64.39103160515127
2022-01-24,36288.15,37469.19,32990.72,36702.79,36702.79,3289034581.3,-72.13585951329347,-68.29125916060164
2022-01-25,36702.79,37555.35,35732.05,36975.99,36975.99,1632275610.85,-71.45046913948296,-70.642355678587
2022-01-26,36975.99,38930.36,36275.92,36829.37,36829.37,2163384356.61,-67.3334181298617,-70.51399991145526
2022-01-27,36829.37,37242.79,35543.94,37189.85,37189.85,1671118834.49,-63.90525218493146,-68.7062497418924
2022-01-28,37189.85,38021.06,36176.78,37744.7,37744.7,1439590445.61,-59.50146427232521,-65.54765093165034
2022-01-29,37744.7,38728.29,37343.45,38184.86,38184.86,913551592.58,-54.73520017621211,-61.36883369083263
2022-01-30,38184.86,38364.51,37377.53,37908.44,37908.44,658154943.17,-51.713645604733834,-57.46389055955066
2022-01-31,37908.44,38769.81,36660.7,38494.66,38494.66,1310842543.43,-48.23473082253587,-53.546260218951765
2022-02-01,38494.66,39281.06,38033.98,38721.49,38721.49,1255765239.87,-44.504481637790064,-49.797014560317976
2022-02-02,38721.49,38883.19,36650.8,36918.19,36918.19,1099971099.08,-46.48082736660817,-47.73342135791699
2022-02-03,36918.19,37411.52,36270.47,37328.64,37328.64,1012101574.73,-48.86184908805258,-47.020472228746684
2022-02-04,37328.64,41737.83,37060.18,41590.34,41590.34,1978064223.39,-41.6872228341719,-45.38359523165568
2022-02-05,41590.34,41954.24,40963.47,41418.21,41418.21,923755180.09,-35.034299538329336,-43.016049706790504
2022-04-18,39688.16,41096.46,38569.14,40811.03,40811.03,1101204133.54,-30.879263808285064,-20.023592086978432
2022-04-19,40811.03,41755.93,40588.12,41504.44,41504.44,768239204.72,-34.48046674786948,-26.233216728803885
2022-04-20,41504.44,42208.1,40919.04,41375.35,41375.35,1072814871.19,-36.37887051898161,-31.356335732267965
2022-04-21,41375.35,42996.5,39864.73,40490.97,40490.97,1324052657.83,-37.83777481668159,-34.894093972954444
2022-04-22,40490.97,40794.73,39190.22,39716.04,39716.04,1154693915.31,-42.24565050136533,-37.735690646224505
2022-04-23,39716.04,39988.54,39305.67,39445.97,39445.97,455659637.8,-47.538090433246396,-41.00009656756874
2022-04-24,39445.97,39943.44,39044.29,39466.26,39466.26,501272140.43,-52.691775835578426,-45.07832289671794
2022-04-25,39466.26,40590.8,38234.7,40437.52,40437.52,1514243711.31,-55.94628168323792,-49.605449613357024
2022-04-26,40437.52,40797.85,37726.59,38117.39,38117.39,1492483889.14,-60.6451192387891,-54.20531679771297
2022-04-27,38117.39,39465.62,37900.6,39252.04,39252.04,1341340920.21,-59.5119418633672,-57.198779655243165
2022-04-28,39252.04,40386.5,38892.1,39749.75,39749.75,1188927763.73,-55.55699719374977,-57.915084994786
2022-04-29,39749.75,39922.6,38179.15,38594.22,38594.22,964020058.19,-54.12215648648284,-57.459053695597234
2022-04-30,38594.22,38788.01,37607.77,37650.13,37650.13,525291276.33,-55.04438310275261,-56.05886966158811
2022-05-01,37650.13,38668.0,37461.76,38480.53,38480.53,659030267.75,-55.10586709941223,-54.95735097059937
2022-05-02,38480.53,39155.96,38057.31,38513.01,38513.01,1152557748.76,-51.426026308433144,-53.924608249270214
2022-05-03,38513.01,38644.5,37519.23,37725.38,37725.38,1095654277.96,-50.227143458478835,-52.950854992269214
2022-05-04,37725.38,40004.37,37665.8,39680.21,39680.21,1426469839.29,-46.45123551141767,-50.80256809443547
2022-05-05,39680.21,39831.19,35616.74,36546.86,36546.86,1920976838.73,-48.49084006089306,-49.148811334805686
2022-05-06,36546.86,36654.02,35318.86,36009.89,36009.89,1682230363.22,-52.451766769596574,-49.40524645009654
2022-05-07,36009.89,36129.02,34837.06,35469.21,35469.21,713980596.97,-55.7517958775299,-50.786409554859304
2022-05-08,35469.21,35503.12,33732.4,34033.77,34033.77,1413921299.77,-58.736049421632345,-53.85761303241297
2022-05-09,34033.77,34229.57,30068.1,30076.9,30076.9,3472851115.69,-63.86760885823359,-57.70180523174811
2022-05-10,30076.9,32625.41,29836.19,31013.12,31013.12,3244062170.09,-69.72689387008906,-62.020587006871224
2022-05-11,31013.12,32136.04,28087.41,29017.21,29017.21,3967102738.94,-75.89165370104544,-67.05555146275012
2022-05-12,29017.21,30085.67,25835.61,28915.72,28915.72,4501368166.33,-80.69537355143756,-72.54538249520141
2022-05-13,28915.72,30964.26,28700.17,29244.83,29244.83,1942170683.15,-79.98089720597349,-76.57370458213639
2022-05-14,29244.83,30274.18,28588.99,30050.31,30050.31,845013800.63,-78.72290729013007,-78.82270793714665
2022-05-15,30050.31,31406.35,29462.91,31296.11,31296.11,810199953.22,-76.64964023452119,-79.01220457051558
2022-05-16,31296.11,31296.19,29104.45,29838.5,29838.5,1242326194.24,-76.36000670686006,-77.9283628593712
2022-05-17,29838.5,30744.47,29434.76,30415.91,30415.91,1000070390.57,-73.7931975671964,-76.38143794967694
2022-05-18,30415.91,30673.66,28610.2,28667.29,28667.29,1322816665.45,-72.90210894270126,-74.92623836281973
2022-05-19,28667.29,30505.0,28653.17,30282.48,30282.48,1453211639.97,-73.84962721648333,-74.22623510831026
2022-05-20,30282.48,30725.44,28698.31,29166.15,29166.15,1692088244.46,-72.5951471069297,-73.28502020832768
2022-05-21,29166.15,29613.15,28924.28,29410.72,29410.72,462392582.18,-69.74035584652457,-72.27180977815972
2022-05-22,29410.72,30454.36,29219.51,30264.29,30264.29,639923811.62,-66.953930978422,-70.78476528708991
2022-05-23,30264.29,30634.84,28861.27,29075.68,29075.68,1147137210.63,-66.67842607208604,-68.99196500099059
2022-05-24,29075.68,29800.48,28629.55,29630.05,29630.05,826118559.89,-65.09075375205872,-67.11586666227284
2022-05-25,29630.05,30189.17,29321.43,29508.27,29508.27,800315804.06,-66.87680916105464,-66.39997999090536
2022-05-26,29508.27,29848.6,28060.72,29188.71,29188.71,1314694988.34,-64.51576469058742,-65.7904384189467
2022-05-27,29188.71,29359.16,28251.91,28597.33,28597.33,1054644721.04,-61.13982932560981,-64.40578923232765
2022-05-28,28597.33,29234.85,28504.59,29013.53,29013.53,365397751.75,-57.75724130383822,-62.57241112027253
2022-05-29,29013.53,29548.72,28820.15,29452.23,29452.23,374906552.33,-52.85758020391769,-59.067603880988294
2022-05-30,29452.23,32161.5,29287.63,31716.41,31716.41,1426112899.49,-40.48536770398299,-53.06000463433718
2022-06-14,22471.59,23214.28,20837.64,22118.37,22118.37,2063908671.45,-30.074345846307715,-20.02686102809434
2022-06-15,22118.37,22743.84,20083.9,22566.73,22566.73,2516136880.34,-34.68289103736082,-26.417239050985042
2022-06-16,22566.73,22961.17,20209.17,20372.85,20372.85,1326876814.5,-36.63891875334301,-31.453870088287495
2022-06-17,20372.85,21330.5,20221.24,20432.26,20432.26,1312456705.74,-37.56018182788426,-34.73908436622396
2022-06-18,20432.26,20722.69,17600.75,18954.25,18954.25,1898530847.49,-39.711422911115406,-37.14835363242588
2022-06-19,18954.25,20776.87,17936.0,20553.48,20553.48,1190970309.62,-42.04974537560853,-38.99006721698781
2022-06-20,20553.48,21016.02,19616.32,20550.91,20550.91,995940744.76,-49.46993028927332,-42.19782010097039
2022-06-21,20550.91,21694.7,20339.03,20699.21,20699.21,954292227.72,-56.47786933801203,-46.92724197850233
2022-06-22,20699.21,20862.67,19756.23,19956.16,19956.16,1027725806.49,-59.32499367932179,-51.83063467055392
2022-06-23,19956.16,21195.95,19870.07,21098.41,21098.41,836636021.34,-60.872228813223934,-56.53625552995777
2022-06-24,21098.41,21528.86,20717.47,21219.46,21219.46,850728330.88,-60.24121927910108,-59.229077777414716
2022-06-25,21219.46,21587.06,20902.05,21474.19,21474.19,459148971.07,-58.89535929455525,-59.83345026655052
2022-06-26,21474.19,21855.84,20968.82,21031.85,21031.85,445023789.79,-58.256662557381766,-59.566367486065516
2022-06-27,21031.85,21505.42,20553.32,20718.16,20718.16,643546203.12,-64.20354789309445,-60.39919725603314
2022-06-28,20718.16,21184.16,20179.52,20251.96,20251.96,680727935.72,-68.47366330766056,-62.45730826317301
2022-06-29,20251.96,20402.7,19844.86,20094.16,20094.16,751143299.02,-72.31439273174763,-65.81206662247111
2022-06-30,20094.16,20138.96,18622.86,19908.49,19908.49,1084138608.25,-75.42269982700424,-70.10357593987672
2022-07-01,19908.49,20817.65,18952.12,19249.33,19249.33,1220917103.86,-72.91661003956048,-72.28184147649324
2022-07-02,19249.33,19419.25,18965.44,19225.66,19225.66,393018265.78,-69.57023928981569,-72.55598547203202
2022-07-03,19225.66,19617.18,18768.2,19294.21,19294.21,430213883.45,-64.42769997569579,-70.58431228301906
2022-07-04,19294.21,20313.34,19036.44,20212.81,20212.81,623812499.17,-55.72391131684592,-65.65961515547947
2022-07-05,20212.81,20725.51,19284.32,20158.69,20158.69,931653558.35,-48.27866501262405,-59.50012889874537
2022-07-06,20158.69,20637.99,19749.93,20545.04,20545.04,794040793.32,-41.79654971594397,-52.55670650527745
2022-07-07,20545.04,21840.22,20242.62,21611.8,21611.8,1059807101.57,-32.85194641546256,-44.66276811521913
2022-08-31,19813.51,20483.64,19804.19,20050.28,20050.28,1165077708.26,-34.663455194941356,-26.530216568879467
2022-09-01,20050.28,20204.51,19571.05,20129.93,20129.93,896421556.74,-43.15221560266715,-33.04882517210329
2022-09-02,20129.93,20439.1,19760.56,19957.44,19957.44,836881983.68,-49.12670949675151,-39.02606882436764
2022-09-03,19957.44,20052.13,19659.2,19834.79,19834.79,339922228.57,-56.42078290540807,-45.84079079994203
2022-09-04,19834.79,20022.47,19591.33,20003.46,20003.46,387149235.82,-62.023353968411854,-52.68076549330965
2022-09-05,20003.46,20051.73,19638.59,19793.29,19793.29,518213568.45,-66.386472257789,-58.48932965709011
2022-09-06,19793.29,20177.38,18707.09,18791.95,18791.95,1428040857.48,-70.01806752298619,-63.71216916364878
2022-09-07,18791.95,19458.77,18559.15,19287.52,19287.52,961396794.5,-71.52186132806567,-67.48743876931317
2022-09-08,19287.52,19452.91,19023.78,19321.77,19321.77,850349370.86,-70.03740927047382,-69.49095259482867
2022-09-09,19321.77,21559.78,19299.24,21369.73,21369.73,1657848347.88,-57.349836562242196,-67.23179367094197
2022-09-10,21369.73,21807.62,21138.54,21655.13,21655.13,752905078.21,-45.107594514932906,-61.004175418928654
2022-09-11,21655.13,21850.77,21366.74,21836.45,21836.45,600008216.45,-36.40959629189066,-52.2261091598849
2022-11-20,16683.72,16730.0,16169.2,16253.6,16253.6,470894190.07,-32.724151791609586,-23.993177306121204
2022-11-21,16253.6,16272.47,15480.69,15760.19,15760.19,1289350720.98,-38.1511852089256,-29.722295627791183
2022-11-22,15760.19,16277.08,15600.3,16198.25,16198.25,1184556737.9,-42.169988582587344,-35.05745887877075
2022-11-23,16198.25,16676.49,16144.79,16590.98,16590.98,1087435133.37,-43.14697789816629,-39.04807587032221
2022-11-24,16590.98,16787.9,16453.52,16588.46,16588.46,624934230.62,-42.35138599263202,-41.45488442057781
2022-11-25,16588.46,16605.86,16336.71,16508.33,16508.33,572460119.25,-47.66359845490475,-43.8329877320726
2022-11-26,16508.33,16687.21,16382.61,16451.53,16451.53,346443601.6,-53.899950812834085,-46.76547828963429
2022-11-27,16451.53,16587.18,16401.91,16420.87,16420.87,300543689.5,-57.8629512342148,-50.444471623646415
2022-11-28,16420.87,16477.82,16000.76,16207.01,16207.01,867757025.61,-60.73800992338357,-55.04112760633431
2022-11-29,16207.01,16528.39,16096.7,16431.79,16431.79,833578637.87,-53.49984781680302,-56.500189946808874
2022-11-30,16431.79,17216.6,16424.76,17162.35,17162.35,1460126671.64,-39.82922440690549,-52.98250834532672
2022-12-01,17162.35,17255.22,16865.92,16978.64,16978.64,978462617.82,-30.358694247246085,-46.10644409858455
2023-01-03,16670.08,16766.7,16605.01,16670.16,16670.16,628582193.83,-32.996000755089966,-26.349975491748943
2023-01-04,16670.16,16972.62,16651.02,16846.82,16846.82,990689260.54,-36.145814163469026,-30.157403771225844
2023-01-05,16846.82,16869.84,16764.64,16825.87,16825.87,524511536.58,-35.029013764487246,-32.66314687474473
2023-03-10,20370.48,20371.25,19599.47,20206.71,20206.71,2103890132.26,-36.51292330142845,-19.51102054962658
2023-03-11,20206.71,20847.88,19895.33,20613.6,20613.6,1416403424.21,-44.8509239540349,-29.98796929602505
2023-03-12,20613.6,22224.01,20445.19,22183.71,22183.71,1352204877.06,-48.317840842782125,-38.78455157487876
2023-03-13,22183.71,24596.0,21896.85,24207.1,24207.1,2198916015.73,-45.93916405262097,-43.905213037716614
2023-03-14,24207.1,26522.41,24071.83,24757.56,24757.56,2783419006.43,-41.9121170340057,-45.25501147086092
2023-03-15,24757.56,25272.47,23946.02,24372.11,24372.11,1826358018.09,-38.597061697022056,-43.691545906607715
2023-03-16,24372.11,25211.23,24220.45,25049.83,25049.83,1372954004.0,-35.395404649478806,-40.46093685828188
2023-05-18,27406.21,27476.67,26379.63,26823.31,26823.31,749234030.86,-30.32099346190612,-24.87110559443218
2023-05-19,26823.31,27178.6,26668.92,26888.42,26888.42,442561192.0,-35.22223585183373,-28.150742830679803
2023-05-20,26888.42,27164.5,26840.23,27118.54,27118.54,199050865.32,-38.675989574771705,-32.205777766955634
2023-05-21,27118.54,27280.07,26691.06,26755.17,26755.17,322799242.35,-43.29362967073236,-36.878212139810984
2023-05-22,26755.17,27084.08,26548.27,26855.4,26855.4,474287648.56,-43.217707814970275,-40.102390728077026
2023-05-23,26855.4,27480.33,26808.03,27224.7,27224.7,578611517.74,-40.87925150675385,-41.51664464180705
2023-05-24,27224.7,27225.89,26092.06,26326.17,26326.17,843296169.29,-45.681592799598874,-43.268045448013844
2023-05-25,26326.17,26605.5,25882.27,26480.21,26480.21,604389199.53,-51.89325438346545,-45.417951626197116
2023-05-26,26480.21,26940.67,26338.96,26719.7,26719.7,542617989.88,-57.10564113034124,-48.889934955039855
2023-05-27,26719.7,26902.14,26585.34,26872.59,26872.59,198605797.63,-58.83412871863666,-53.378654258010556
2023-05-28,26872.59,28249.51,26789.58,28077.57,28077.57,543751511.42,-51.14266802299078,-54.74392306385854
2023-05-29,28077.57,28450.88,27546.65,27746.07,27746.07,604161699.4,-39.53887868808653,-51.655329140013805
2023-05-30,27746.07,28052.68,27568.98,27703.56,27703.56,656814149.04,-30.35259700836602,-44.96706810952
2023-06-11,25856.18,26214.2,25655.94,25937.58,25937.58,341057974.45,-30.040435297031213,-25.61107531631813
2023-06-12,25937.58,26099.5,25629.48,25905.64,25905.64,441188405.58,-31.610145154473333,-27.968673393849283
2023-06-13,25905.64,26425.22,25717.6,25928.94,25928.94,599487905.69,-34.782673422748495,-30.987837941382843
2023-06-14,25928.94,26074.14,24836.48,25125.73,25125.73,684056303.1,-35.85924310536553,-33.07312424490465
2023-06-15,25125.73,25740.96,24765.75,25574.36,25574.36,824201465.11,-35.17460296564804,-34.35666616205885
2023-06-16,25574.36,26479.27,25205.5,26330.59,26330.59,715401866.52,-33.48524973487295,-34.82544230715875
2023-06-18,26510.43,26686.77,26260.74,26338.0,26338.0,248624880.04,-33.94408839695799,-33.121391778588915
2023-06-19,26338.0,27036.32,26265.34,26842.09,26842.09,477713441.96,-35.837421061984124,-33.28709630267293
2023-06-20,26842.09,28407.13,26648.29,28319.35,28319.35,1265530107.38,-32.2380194909554,-32.97528874169355
2023-07-26,29226.63,29682.98,29098.81,29352.06,29352.06,486510821.91,-31.70889823867887,-22.747942267529048
2023-07-27,29352.06,29566.99,29082.04,29217.05,29217.05,373268935.18,-35.119686868775325,-28.744967927825595
2023-07-28,29217.05,29528.45,29121.24,29316.82,29316.82,342975082.63,-36.392919559505,-32.778235250965125
2023-07-29,29316.82,29406.57,29258.14,29358.76,29358.76,146316009.97,-37.698232478415875,-35.22993428634378
2023-07-30,29358.76,29449.84,29043.43,29283.34,29283.34,224246250.77,-39.342029521573345,-37.13821710706739
2023-07-31,29283.34,29524.99,29108.82,29231.47,29231.47,426457343.16,-42.54352538832472,-38.99417673695474
2023-08-01,29231.47,29721.48,28564.09,29699.74,29699.74,822433494.24,-45.96269890473966,-41.386621573263405
2023-08-02,29699.74,30029.06,28914.46,29163.69,29163.69,838251477.68,-48.0891446315738,-43.98434961155289
2023-08-03,29163.69,29397.03,28945.61,29177.75,29177.75,450334651.17,-57.36595877317731,-48.490331924453876
2023-08-04,29177.75,29308.95,28794.51,29078.51,29078.51,375805085.38,-61.82257747952597,-53.31009494725419
2023-08-05,29078.51,29111.36,28953.98,29050.34,29050.34,120051247.27,-62.65898871167112,-57.484167398987054
2023-08-06,29050.34,29164.68,28962.89,29046.16,29046.16,126689336.09,-62.547956752737534,-61.09887042927799
2023-08-07,29046.16,29245.27,28672.37,29182.16,29182.16,475156597.17,-61.03382728939726,-62.015837558332976
2023-08-08,29182.16,30210.36,29111.88,29770.51,29770.51,786792606.34,-51.099559432476845,-59.33508304657069
2023-08-09,29770.51,30120.86,29356.43,29566.47,29566.47,532770863.32,-44.04015715072021,-54.68037515633297
2023-08-10,29566.47,29707.55,29319.58,29428.1,29428.1,375142806.93,-39.817214883915625,-48.99768968912748
2023-08-11,29428.1,29535.4,29219.56,29403.56,29403.56,310027638.11,-37.0926282302886,-43.012389924350316
2023-08-12,29403.56,29471.12,29356.08,29417.08,29417.08,102819295.5,-33.48650821193379,-38.609127119214556
2023-08-13,29417.08,29447.27,29257.12,29281.55,29281.55,115373186.78,-34.37613448469356,-36.1931214527079
2023-08-16,29171.23,29228.22,28696.21,28702.8,28702.8,479152538.98,-30.08768298843623,-29.582099681918507
2023-08-17,28702.8,28752.02,25328.06,26629.67,26629.67,1394530695.43,-39.396171518389146,-30.837108940342407
2023-08-18,26629.67,26823.13,25629.62,26049.69,26049.69,888090076.41,-45.55655959902618,-35.22693299136513
2023-08-19,26049.69,26266.25,25797.39,26095.8,26095.8,265159375.46,-49.47801268759663,-41.12960669836205
2023-08-20,26095.8,26291.33,25983.85,26191.01,26191.01,192271431.08,-51.261174199671665,-46.422979501170914
2023-08-21,26191.01,26248.2,25819.92,26126.18,26126.18,430024076.12,-52.92686754568191,-49.805653507994094
2023-08-22,26126.18,26137.6,25369.8,26043.01,26043.01,514473682.56,-54.959968945066564,-52.156505844504196
2023-08-23,26043.01,26807.82,25802.48,26429.4,26429.4,672652092.31,-55.955853115647336,-53.77596595151687
2023-08-24,26429.4,26565.88,25859.32,26166.22,26166.22,449180401.68,-54.860810669362344,-54.67587506893954
2023-08-25,26166.22,26291.13,25759.58,26051.29,26051.29,489263026.85,-53.309789594005615,-54.77160558102047
2023-08-26,26051.29,26109.19,25979.58,26010.35,26010.35,93024725.64,-51.96647617079223,-54.023232387451884
2023-08-27,26010.35,26168.79,25966.75,26091.32,26091.32,107924452.3,-51.018425761656054,-52.78887554895406
2023-08-28,26091.32,26233.53,25861.84,26106.0,26106.0,302943657.3,-50.01812931949447,-51.578205211487095
2023-08-29,26106.0,28154.08,25911.89,27724.41,27724.41,1089036684.85,-52.091240555150804,-51.273567951773394
2023-08-30,27724.41,27766.41,27036.49,27305.41,27305.41,520197058.0,-52.94768369522721,-51.51886983288214
2023-08-31,27305.41,27563.68,25683.18,25937.29,25937.29,741278108.53,-55.71274366225058,-52.69244930803077
2023-09-01,25937.29,26137.14,25323.44,25798.79,25798.79,639696809.37,-59.50499126733342,-55.06416479499051
2023-09-02,25798.79,25980.31,25729.66,25868.56,25868.56,181289556.36,-62.732028701425676,-57.72436183155922
2023-09-03,25868.56,26115.72,25805.82,25971.37,25971.37,160541183.85,-63.51940599812541,-60.36729240728378
2023-09-04,25971.37,26089.36,25636.28,25816.24,25816.24,228454428.06,-65.95232749549157,-62.92718836559403
2023-09-05,25816.24,25878.61,25567.56,25785.01,25785.01,280146729.52,-65.07861277295483,-64.32059374199937
2023-09-06,25785.01,26019.64,25379.85,25751.71,25751.71,390027105.24,-59.90343721754603,-63.61344587102946
2023-09-07,25751.71,26426.41,25600.8,26264.75,26264.75,491838528.79,-47.0001316628046,-59.48362728719926
2023-09-08,26264.75,26443.61,25650.9,25907.13,25907.13,482397556.59,-38.76653027897337,-52.687177983069716
2023-09-09,25907.13,25936.62,25799.89,25898.41,25898.41,105931726.4,-34.28183240051625,-44.987982889960065
2023-09-10,25898.41,26020.84,25589.02,25833.67,25833.67,217583144.54,-31.964453799128073,-38.003237035355575
2023-09-11,25833.67,25889.38,24911.78,25157.07,25157.07,619642052.88,-33.748957541393715,-34.69044350500286
2023-09-12,25157.07,26545.24,25128.37,25840.34,25840.34,937711286.48,-30.57424991788417,-32.64237341473056
2024-04-29,63111.34,64192.54,61768.51,63847.54,63847.54,1370557060.16,-37.0733668512065,-27.173627758669383
2024-04-30,63847.54,64721.13,59097.29,60633.97,60633.97,2518380270.05,-44.19559279719393,-33.558172096239815
2024-05-01,60633.97,60788.52,56516.09,58277.44,58277.44,3014503800.73,-53.25228032025721,-40.95667880310429
2024-05-02,58277.44,59628.08,56936.28,59083.85,59083.85,1724718703.27,-61.11502403925897,-48.90906600197916
2024-05-03,59083.85,63355.83,58835.76,62917.45,62917.45,2147038663.01,-58.04135113839135,-54.15106207377538
2024-05-04,62917.45,64539.14,62587.84,63904.51,63904.51,1029192793.92,-47.858674764137,-55.06683256551114
2024-05-05,63904.51,64634.43,62923.47,64037.5,64037.5,803966989.59,-40.13549093097356,-51.787635218190225
2024-05-06,64037.5,65517.33,62715.9,63168.44,63168.44,1537928462.74,-33.61119232173851,-44.91167728881011
2024-05-12,60823.19,61838.51,60600.9,61459.22,61459.22,502848342.69,-30.812923152961623,-26.906687663656236
2024-05-13,61459.22,63445.72,60758.38,62932.29,62932.29,1327733464.12,-32.116943322233475,-28.902500088731166
2024-05-14,62932.29,63097.07,61094.77,61548.48,61548.48,1636519845.72,-35.225274610668016,-31.554123442343077
2024-06-24,63181.02,63335.53,58443.98,60270.95,60270.95,2938115761.51,-39.58196956198435,-30.198139750781316
2024-06-25,60270.95,62385.37,60232.04,61796.56,61796.56,1946492862.08,-49.49781262576686,-36.345857580354334
2024-06-26,61796.56,62471.55,60684.69,60824.43,60824.43,1436803387.64,-59.17101248596999,-44.46484563778084
2024-06-27,60824.43,62341.3,60562.27,61630.1,61630.1,1385461549.94,-66.0087316576918,-53.56488158285326
2024-06-28,61630.1,62168.03,59907.92,60324.3,60324.3,1481619028.88,-70.62983652332228,-61.32684832318774
2024-06-29,60324.3,61129.31,60294.22,60905.3,60905.3,560710968.57,-73.06467634956294,-67.21856425413677
2024-06-30,60905.3,62949.76,60637.5,62685.88,62685.88,778765578.43,-73.95534580772312,-70.91464758457505
2024-07-01,62685.88,63800.98,62462.2,62841.27,62841.27,1623104957.15,-73.33782057714025,-72.74691981443716
2024-07-02,62841.27,63219.74,61453.08,62044.48,62044.48,1278702453.96,-67.67959861117131,-72.00936033639941
2024-07-03,62044.48,62198.73,59373.07,60157.2,60157.2,1653064013.62,-68.98834736988526,-70.99027809148
2024-07-04,60157.2,60428.43,56728.63,57041.11,57041.11,2342236881.51,-70.08101672347163,-70.02169582041712
2024-07-05,57041.11,57494.97,53528.09,56646.24,56646.24,3198812323.21,-70.81820344166404,-69.39179153654807
2024-07-06,56646.24,58495.08,56035.03,58255.65,58255.65,1072779742.28,-69.76252207085402,-69.91252240146875
2024-07-07,58255.65,58452.39,55734.13,55866.6,55866.6,1053256457.42,-70.6068136522646,-70.31713897206359
2024-07-08,55866.6,58166.93,54305.08,56709.76,56709.76,2441024283.07,-71.00218815037786,-70.54743182879014
2024-07-09,56709.76,58289.53,56296.1,58047.2,58047.2,1692558128.7,-68.25033357765926,-69.90546436278895
2024-07-10,58047.2,59463.57,57165.19,57725.78,57725.78,1631984559.89,-65.18412691301594,-68.76086557332943
2024-07-11,57725.78,59494.11,57072.63,57348.75,57348.75,1729366992.27,-63.283518956143496,-66.93004189929914
2024-07-12,57348.75,58543.78,56554.34,57913.68,57913.68,1567843358.24,-60.46238440994849,-64.2950909641918
2024-07-13,57913.68,59866.89,57784.15,59231.06,59231.06,819172857.7,-55.57224496853256,-61.12556881191013
2024-07-14,59231.06,61424.95,59222.6,60818.77,60818.77,1207899406.9,-47.558286719836815,-56.719108763615345
2024-07-15,60818.77,64936.75,60688.12,64765.55,64765.55,2752990856.54,-34.11686977169263,-49.427446467502634
2024-08-15,58698.05,59869.57,56132.98,57552.92,57552.92,2023439063.25,-30.89123856986501,-26.858962674154398
2024-08-16,57552.92,59851.62,57106.84,58893.67,58893.67,1708248208.47,-35.846046708846124,-29.758344817186202
2024-08-17,58893.67,59708.69,58815.46,59497.94,59497.94,574723583.6,-39.30618709910983,-33.24827468564925
2024-08-18,59497.94,60280.79,58433.69,58439.22,58439.22,830090221.14,-42.92320889914396,-37.24167031924124
2024-08-19,58439.22,59632.55,57828.14,59464.41,59464.41,1420739617.67,-46.218111610047316,-41.073388579286814
2024-08-20,59464.41,61442.89,58588.82,59027.55,59027.55,1877438049.21,-43.72885955889893,-43.044091791800014
2024-08-21,59027.55,61851.26,58806.66,61170.8,61170.8,2311932103.1,-36.98156346800804,-42.462935884024574
2024-08-22,61170.8,61426.96,59756.43,60387.29,60387.29,1754742660.96,-30.093842172629355,-39.25559420239592
2025-02-12,95781.05,98127.45,94087.33,97874.61,97874.61,3853980407.7,-31.215211141218735,-23.74764557209187
2025-02-13,97874.61,98104.11,95225.08,96632.78,96632.78,2236344585.75,-34.84618523149298,-28.46019919268428
2025-02-14,96632.78,98869.28,96282.72,97508.71,97508.71,1966704817.61,-37.11210918881859,-32.48428355144649
2025-02-15,97508.71,97979.54,97245.24,97596.21,97596.21,569120592.04,-38.71919983962526,-35.47317635028891
2025-02-16,97596.21,97728.27,96069.15,96132.69,96132.69,643146269.46,-41.45597404996024,-38.03336707747428
2025-02-17,96132.69,97046.2,95226.61,95790.31,95790.31,1398128550.67,-42.22976889445105,-39.8792629932138
2025-02-18,95790.31,96736.69,93361.47,95630.67,95630.67,2502902525.93,-45.289495764948704,-41.92360963724632
2025-02-19,95630.67,96885.35,95032.61,96640.99,96640.99,1637124692.48,-47.932062416671585,-44.22682528150791
2025-02-20,96640.99,98763.14,96430.11,98345.66,98345.66,2057024374.7,-48.08096822723068,-45.88307382582552
2025-02-21,98345.66,99519.21,94775.25,96150.27,96150.27,3928905117.72,-48.7268360022913,-47.507340602785575
2025-02-22,96150.27,96973.86,95771.79,96580.46,96580.46,1126120706.18,-46.747085697931254,-47.871738086031215
2025-02-23,96580.46,96674.04,95255.75,96274.12,96274.12,718043733.58,-43.17479128634553,-46.6824203034497
2025-02-24,96274.12,96514.26,91349.77,91536.97,91536.97,2945422583.03,-46.946603873630295,-46.3988292150496
2025-02-25,91536.97,92540.35,85944.14,88609.26,88609.26,6473414678.86,-52.538890748255504,-47.35184290154066
2025-02-26,88609.26,89320.19,82199.13,84128.38,84128.38,5069737664.07,-56.82717076748482,-49.87186416892905
2025-02-27,84128.38,87008.08,82601.58,84657.34,84657.34,3929681159.63,-59.23876075397533,-53.8878565358365
2025-02-28,84657.34,85114.25,78203.72,84322.57,84322.57,6502539275.13,-62.04981409529554,-57.66365909125281
2025-03-01,84322.57,86537.62,83798.96,86050.58,86050.58,1577375765.18,-61.42168748484818,-59.88435827540098
2025-03-02,86050.58,95106.04,85047.82,94275.76,94275.76,4350642164.47,-56.80456941303437,-59.87870793678836
2025-03-03,94275.76,94415.65,85071.66,86158.95,86158.95,5844734403.0,-55.98145957739089,-59.06438264264225
2025-03-04,86158.95,88941.97,81449.43,87255.42,87255.42,5671376306.72,-56.50423418965566,-57.67798766623229
2025-03-05,87255.42,91001.98,86341.87,90610.8,90610.8,3457722668.91,-54.32033806155767,-55.90265031040966
2025-03-06,90610.8,92808.83,87818.33,89931.91,89931.91,3512025157.48,-51.31372370835917,-54.529938884240856
2025-03-07,89931.91,91275.25,84649.25,86766.61,86766.61,6196139350.73,-53.47401711495921,-53.90307826863294
2025-03-08,86766.61,86860.89,85206.97,86225.0,86225.0,910862167.44,-57.16571500355206,-54.068448472107036
2025-03-09,86225.0,86509.85,80006.76,80719.05,80719.05,1952362587.51,-60.7757921139645,-55.68231198520875
2025-03-10,80719.05,84037.25,77420.92,78561.62,78561.62,4414695361.63,-63.18720049354077,-58.65068118150414
2025-03-11,78561.62,83608.26,76581.52,82919.47,82919.47,3744822903.84,-62.54811970758142,-60.9192068296597
2025-03-12,82919.47,84410.29,80596.11,83665.14,83665.14,2750448405.11,-62.873127414922195,-62.34605993250223
2025-03-13,83665.14,84307.29,79915.4,81081.43,81081.43,2112762232.49,-68.63763307541592,-64.31152017286509
2025-03-14,81081.43,85315.9,80787.81,83995.47,83995.47,2317052000.16,-69.28082514604469,-65.83492633599107
2025-03-15,83995.47,84688.82,83628.73,84355.92,84355.92,512466916.19,-67.51055474348455,-67.07553509496685
2025-03-16,84355.92,85083.1,81992.19,82572.37,82572.37,1094031604.62,-65.9947256946818,-67.85593466490675
2025-03-17,82572.37,84760.98,82442.95,84025.12,84025.12,1667911609.42,-57.834384979193935,-65.15512264085126
2025-03-18,84025.12,84039.3,81137.39,82716.74,82716.74,1721702159.89,-50.64721355161483,-60.49671974224379
2025-03-19,82716.74,87036.45,82562.03,86878.5,86878.5,2600942940.47,-39.05233128724174,-53.382163878183086
2025-03-20,86878.5,87483.4,83611.66,84178.31,84178.31,2135028136.81,-31.071623008116397,-44.65138820654174
2025-08-31,108833.53,109510.25,108095.95,108273.72,108273.72,990157824.59,-37.47431067493009,-25.792706700163457
2025-09-01,108273.72,109913.29,107271.39,109256.28,109256.28,2365084072.12,-45.64200288240523,-33.567973605133
2025-09-02,109256.28,111796.23,108420.77,111245.94,111245.94,2993969175.78,-50.0228759760438,-40.59726908997931
2025-09-03,111245.94,112601.73,110556.54,111751.51,111751.51,2132239039.57,-54.430358647612216,-46.892387045247844
2025-09-04,111751.51,112225.93,109345.22,110732.33,110732.33,2162838407.83,-57.03923637645431,-51.783618470628895
2025-09-05,110732.33,113400.39,110217.27,110676.99,110676.99,3163045481.16,-54.783593120554336,-54.06901603016617
2025-09-06,110676.99,111320.3,110019.89,110230.16,110230.16,734143439.06,-54.33401484095378,-55.146800746393666
2025-09-07,110230.16,111607.85,110215.7,111143.24,111143.24,720954382.33,-53.06666529109579,-54.80587740726456
2025-09-08,111143.24,112937.76,110628.16,112089.06,112089.06,1829788896.49,-46.446641771067476,-52.15772875591785
2025-09-09,112089.06,113293.12,110777.59,111549.14,111549.14,2108163610.41,-38.28751788258089,-48.03370994642449
