date,open,high,low,close,price,volume,wt1,wt2,return_5d,return_20d,return_60d,year
2020-10-14,11427.29,11550.25,11298.88,11429.3,11429.3,259711904.03,-366.66666666666663,,2.8661422834294292,22.700252858880265,67.71849544591532,2020
2020-10-15,11429.3,11607.59,11269.05,11508.31,11508.31,377801262.9,-306.42901034376837,,3.5927951193528873,23.021799030439748,67.48497390146773,2020
2020-10-16,11508.31,11545.35,11224.89,11326.25,11326.25,332320579.31,-302.38867133899674,,13.127557664716916,37.7324357134974,71.6539896258691,2020
2020-10-17,11326.25,11410.01,11270.69,11367.65,11367.65,112306061.3,-290.75491798197237,-316.559816582851,14.273838480248791,37.14901496791334,87.83240159575641,2020
2020-10-18,11367.65,11513.68,11357.25,11513.33,11513.33,131886570.58,-255.03639250148552,-288.65224804155577,12.367143128877567,28.878091742354293,98.22388483609868,2020
2020-10-19,11513.33,11821.95,11417.11,11756.88,11756.88,456404609.75,-211.03809230449156,-264.80451853173656,11.646372166765339,31.73775695592709,96.78324521471684,2020
2020-10-20,11756.88,12047.73,11688.39,11921.78,11921.78,576128149.71,-172.93781416407933,-232.4418042380072,9.389789108673362,28.630372310175154,100.00973009064084,2020
2020-10-21,11921.78,13236.39,11900.51,12813.11,12813.11,1296152945.69,-135.6783720501908,-193.6726677550618,2.000451100474443,19.51610498934293,83.14882179267953,2020
2020-10-22,12813.11,13197.69,12700.74,12990.25,12990.25,739591002.3,-107.84514356132298,-156.87485552002116,5.048170743442193,20.914378091260755,74.95529339312176,2020
2020-10-23,12990.25,13031.82,12732.62,12937.2,12937.2,416662855.54,-87.92162393027206,-126.0957384264663,2.6958692761957614,26.043734347463122,84.14587391398447,2020
2020-10-24,12937.2,13167.31,12886.47,13126.13,13126.13,273005904.67,-70.9833106165229,-100.60711253957719,2.5601605347501666,24.43004907006103,77.0476141863596,2020
2020-10-25,13126.13,13346.7,12910.39,13041.21,13041.21,368884232.62,-57.1907660223624,-80.98521103262009,4.023706389207771,23.270386720250656,81.91716872897533,2020
2020-10-26,13041.21,13241.79,12797.05,13069.43,13069.43,460984686.3,-46.464361611677845,-65.6400155452088,5.616006206850632,22.152993665370268,89.0517030964625,2020
2020-10-27,13069.43,13783.14,13060.64,13646.02,13646.02,603406480.39,-34.07384947840459,-52.178071932241934,0.847866264302688,22.537267276465943,93.79789858141787,2020
2021-05-16,46775.29,49808.83,43918.69,46490.71,46490.71,3693969204.75,-36.2821119766351,-25.602556717437075,-19.660530028472355,-23.55806138473686,-31.454133524740747,2021
2021-05-17,46490.71,46665.19,42130.83,43552.14,43552.14,5896147491.21,-42.84038939184738,-32.740109595535344,-13.915825950228855,-17.802959854555944,-27.898468364585526,2021
2021-05-18,43552.14,45819.36,42309.39,42886.02,42886.02,3159184422.64,-46.96846867451593,-38.9884610354695,-19.048585063384294,-21.692756753832597,-26.44073756436246,2021
2021-05-19,42886.02,43564.34,29925.2,36771.87,36771.87,11120220854.77,-54.497211372836595,-45.14704535395875,5.61812602948939,-9.144190926379336,-13.503719011298587,2021
2021-05-20,36771.87,42520.03,35009.25,40597.4,40597.4,5531454912.79,-56.46369344672973,-50.19244072148241,-5.443796893397113,-7.896614068881258,-24.01594683403371,2021
2021-05-21,40597.4,42252.07,33552.8,37350.39,37350.39,4573692788.95,-58.290534833498874,-54.05497708189528,5.206612300433822,-1.7927791383169023,-20.226937389408782,2021
2021-05-22,37350.39,38841.92,35287.71,37491.5,37491.5,2808008188.27,-59.12695340796644,-57.094598265257915,2.793539869036965,-0.40414493951961283,-14.275289065521523,2021
2021-05-23,37491.5,38304.55,31157.18,34716.84,34716.84,4494413873.1,-60.74115809513254,-58.6555849458319,2.7769808542482677,2.376195529316605,-6.963104936970055,2021
2021-05-24,34716.84,39945.35,34467.32,38837.76,38837.76,3981461441.04,-58.6309588387143,-59.19740129382804,-10.881626540768574,0.46246230472613004,-13.388619735020768,2021
2021-05-25,38837.76,39842.9,36509.09,38387.36,38387.36,2529569055.97,-55.915826931942505,-58.60372431843895,-7.098091663505912,5.572850021465392,-10.693103146452376,2021
2021-05-26,38387.36,40854.81,37855.81,39295.08,39295.08,2607759779.42,-51.98735666264404,-56.81882513210835,-5.100511310830768,2.205823222652814,-9.98890955305346,2021
2021-05-27,39295.08,40408.95,37211.84,38538.84,38538.84,1804036815.09,-49.23753015367526,-53.94291814674402,-4.814182263918676,-0.5019092427275829,-3.2936123661220673,2021
2021-05-28,38538.84,38879.6,34733.76,35680.92,35680.92,3104364367.82,-49.86158749972045,-51.75057531199556,5.313932488287865,6.73015157680914,10.694146899799684,2021
2021-05-29,35680.92,37307.1,33666.06,34611.58,34611.58,2127790128.94,-51.35950684054356,-50.61149528914583,13.342586498507147,3.521104786317175,15.654962876586387,2021
2021-05-30,34611.58,36481.62,33400.65,35662.59,35662.59,1325408340.1,-51.81475411872297,-50.56834465316556,3.361814158758536,-0.4127854987537316,12.247932637534188,2021
2021-05-31,35662.59,37512.8,34202.86,37290.83,37290.83,1821662523.97,-49.804268133825914,-50.710029148203226,-4.699359064949748,-4.528110530122287,13.249906210186246,2021
2021-06-01,37290.83,37910.19,35733.52,36683.51,36683.51,1626268789.21,-46.951024852566064,-49.98238848641463,-2.412364574709458,-13.714309235948264,13.060936644285137,2021
2021-06-02,36683.51,38225.18,35935.34,37576.98,37576.98,1494571249.19,-43.187984544480265,-47.93950791239881,-10.629167112418303,-13.410870165723809,6.104215932201051,2021
2021-06-03,37576.98,39482.46,37199.92,39229.66,39229.66,1586641442.02,-35.98592946882929,-43.982301749925384,-14.836427335847436,-14.15005890950879,-0.18131689135211237,2021
2021-06-04,39229.66,39273.49,35617.03,36861.5,36861.5,1837944242.33,-33.93687885224183,-40.01545442952936,1.4380315505337693,-5.999918614272348,3.6021323060646093,2021
2021-06-05,36861.5,37911.76,34846.16,35538.4,35538.4,1444088532.56,-35.69561126149621,-37.2016010317619,3.214494743713825,-11.09937419805056,11.818652499831162,2021
2021-06-06,35538.4,36453.81,35264.34,35798.57,35798.57,986275148.28,-37.45712322446567,-35.76888570175825,4.305786516053578,-9.75240072438648,14.217355609455918,2021
2021-06-07,35798.57,36790.39,33367.12,33582.86,33582.86,1850311020.63,-41.907059305989954,-37.249168161048416,5.833094620291424,3.3676405166206624,27.60134187499219,2021
2021-06-08,33582.86,34061.09,31034.35,33409.38,33409.38,2890313261.68,-48.289516434117665,-40.83732755651737,16.785675160688427,3.2258305900917827,33.54920085317359,2021
2021-06-09,33409.38,37528.42,32435.18,37391.58,37391.58,3249553573.38,-44.29601533997199,-42.987428576136324,8.384374236124813,-3.9853089920244056,17.212885895701646,2021
2021-06-10,37391.58,38387.2,35821.05,36680.78,36680.78,2338112083.52,-36.440904397397084,-42.733373869369174,9.490201680553145,-4.428449994792915,26.203995662033375,2021
2021-06-22,31652.62,33312.87,28908.07,32537.58,32537.58,4060734244.07,-30.777442448197796,-17.723817293831022,6.688358507301384,1.693211357451907,50.189012212955,2021
2021-06-23,32537.58,34831.93,31790.02,33678.64,33678.64,2037061709.14,-32.588198960469015,-24.536527579658024,2.4005423021832284,-2.794560587957229,46.35302969478579,2021
2021-06-24,33678.64,35267.23,32340.83,34649.84,34649.84,1311147481.02,-32.115815254578294,-29.445834707759385,3.612051311059461,-5.279504898146703,42.91858201942635,2021
2021-06-25,34649.84,35494.5,31290.25,31593.86,31593.86,3027434524.39,-34.83578767463776,-32.57931108447072,10.95950289075156,0.8659910501597423,50.948760297095696,2021
2021-06-26,31593.86,32680.58,30190.9,32307.35,32307.35,1826363014.48,-38.9030778376146,-34.61071993182492,3.8250119554838147,-2.8030463656103066,51.65725446376754,2021
2021-06-27,32307.35,34754.5,32031.15,34713.81,34713.81,2002954688.79,-35.790405755794914,-35.411271630656394,-2.6193321908485334,-9.123660007357293,34.96709234739721,2021
2021-06-28,34713.81,35292.57,33890.86,34487.11,34487.11,1424168416.33,-30.300991617045742,-34.957565721273255,0.5675453814482978,-7.773368078682152,42.33752842728775,2021
2021-07-13,33088.51,33335.54,32206.14,32737.47,32737.47,837278173.94,-31.84774367644452,-25.55978130462547,-2.844355412925925,19.613794224171865,37.96460141849691,2021
2021-07-14,32737.47,33099.2,31601.99,32820.5,32820.5,883070516.73,-38.242467549651096,-28.805006813759107,-6.011334379427491,16.35806888987066,40.3077954327326,2021
2021-07-15,32820.5,33188.54,31133.75,31867.46,31867.46,1073939852.55,-44.499663924680156,-34.6546715973216,-6.50164776232558,24.699489698896613,41.0798350417636,2021
2021-07-16,31867.46,32256.94,31046.14,31401.76,31401.76,812765644.4,-50.33071620249382,-41.2301478383174,2.349295071359059,30.20983537228488,50.08397618477438,2021
2021-07-17,31401.76,31966.25,31194.16,31546.64,31546.64,881285396.92,-53.370927395317395,-46.61094376803561,2.3864031161480392,35.837540860135974,52.62623848371808,2021
2021-07-18,31546.64,32446.17,31131.67,31806.3,31806.3,796652696.45,-53.62176864079503,-50.4557690408216,5.75867045208025,40.28025894241078,50.17298459739108,2021
2021-07-19,31806.3,31907.17,30487.11,30847.55,30847.55,1179342118.61,-56.62285765086951,-53.48656747236894,11.135438632889795,42.07854432523814,53.328157341506866,2021
2021-07-20,30847.55,31063.88,29320.09,29795.55,29795.55,1291958152.32,-61.737556822853044,-56.338277627458744,18.708766913179996,55.36752971500778,62.146562154415676,2021
2021-07-21,29795.55,32814.13,29513.88,32139.48,32139.48,1538668590.41,-58.03713029254257,-57.50482835176504,15.961801497721794,41.884778471835894,47.02092255381856,2021
2021-07-22,32139.48,32604.4,31738.48,32299.47,32299.47,785311959.3,-50.09367835986828,-56.62280578153335,22.28278049144461,41.044698256658705,32.89834167557548,2021
2021-07-23,32299.47,33637.93,32012.62,33637.92,33637.92,765209760.41,-38.29918476613938,-52.041887560350816,19.002631553912973,32.06975936680985,21.02291104800773,2021
2021-09-24,44893.87,45143.18,40807.2,42848.41,42848.41,2565373998.35,-30.235215998950057,-25.69873759227559,-3.0549091553222274,33.86543397993063,34.34944260475474,2021
2021-09-25,42848.41,42992.94,41710.08,42721.91,42721.91,767641976.96,-33.8530001720422,-29.163602065041204,2.5921827933254704,44.3871774459522,33.830837619385434,2021
2021-09-26,42721.91,43928.49,40825.4,43201.79,43201.79,1187820024.18,-35.67245023765417,-31.54151916627098,11.486931444275793,40.914925052873954,36.49200646547284,2021
2021-09-27,43201.79,44360.41,42139.24,42187.51,42187.51,1140232492.25,-35.998723796202405,-33.93984755121221,12.99320580901786,45.826430618920156,27.497972741221275,2021
2021-09-28,42187.51,42781.24,40924.13,41056.79,41056.79,1335757058.57,-39.71204513850789,-36.309054836101666,17.48129846488242,51.103288883519625,33.48591061308006,2021
2021-09-29,41056.79,42603.18,40790.67,41539.43,41539.43,1100252801.68,-41.72485103959849,-38.27701755299074,18.62683238551901,54.754097492430695,38.01684327396886,2021
2021-09-30,41539.43,44106.6,41436.79,43829.34,43829.34,1469981944.79,-37.706409613402045,-38.785507396927706,17.510941300964156,50.632019555850064,31.965368403904804,2021
2021-11-24,57566.6,57740.34,55899.88,57175.09,57175.09,1630017073.7,-31.69281120942558,-25.923537845247097,1.1621494605430494,-15.36928057306074,-36.531538472436154,2021
2021-11-26,58966.99,59201.95,53575.54,53788.22,53788.22,3312563227.95,-35.43819229466604,-31.482505320629294,6.3949876013744245,-11.438006314393757,-31.25634200202201,2021
2021-11-27,53788.22,55316.65,53668.95,54805.03,54805.03,1010585542.47,-40.466306385160564,-34.39513117641994,3.134256107514233,-15.766600255487495,-32.7992886784297,2021
2021-11-28,54805.03,57475.26,53436.05,57331.41,57331.41,1186994646.57,-40.4736190797223,-36.590333143994116,-6.398168124593484,-18.261874250083853,-35.131806456530555,2021
2021-11-29,57331.41,58898.57,56752.37,57839.55,57839.55,1690005715.85,-35.29081918749839,-37.91723423676183,-14.862079666940708,-19.26436149658841,-34.74240377043045,2021
2021-11-30,57839.55,59226.33,55931.33,56975.35,56975.35,2383744473.31,-32.167110099820185,-37.09946368805036,-13.18087558918023,-17.65993539311298,-32.98003434818742,2021
2021-12-03,56522.76,57639.15,52493.23,53663.25,53663.25,2461497753.56,-37.13687840458288,-31.809295482691546,-5.870330253944733,-5.279311260499508,-27.84356146897551,2021
2021-12-04,53663.25,53871.2,43563.07,49243.39,49243.39,4315348557.56,-51.268320993374985,-36.584598206080244,-3.349769380215295,3.2430139354743925,-25.02914604376343,2021
2021-12-05,49243.39,49764.31,47840.63,49465.5,49465.5,2074283149.33,-57.932741439445195,-43.9785904435722,-4.597871243594021,1.9531390565141304,-24.53600994632623,2021
2021-12-06,49465.5,50986.02,47260.2,50552.83,50552.83,2437856119.9,-60.39749798785372,-51.683859706314195,-2.2836110263263154,0.470893518720894,-17.72895800294465,2021
2021-12-07,50552.83,51953.27,50083.33,50633.01,50633.01,1496164576.66,-59.3186894024299,-57.22931245577595,-1.0329624883055666,0.1613966856799598,-18.19919455706861,2021
2021-12-08,50633.01,51215.6,48711.85,50513.04,50513.04,1290175070.3,-59.03104037002562,-59.16999229993861,-7.4871953855875635,-5.892834800677216,-16.0367105206893,2021
2021-12-09,50513.04,50829.41,47347.73,47593.85,47593.85,1681556175.72,-60.50674486718943,-59.81349315687467,1.6679465939401839,-2.3577626100851345,-7.842988117162197,2021
2021-12-10,47593.85,50047.85,46989.42,47191.14,47191.14,1905617871.17,-61.436053358981056,-60.0731319996565,3.5894661582661636,-0.13027869214432553,-6.5923815360256155,2021
2021-12-11,47191.14,49504.07,46829.85,49398.4,49398.4,1181186604.23,-60.459885207640795,-60.35843095095923,-3.5678888385048957,-6.480149154628501,-10.072168329338593,2021
2021-12-12,49398.4,50807.75,48689.25,50109.99,50109.99,1072562349.4,-56.55776013292242,-59.74011089168343,-7.874377943400102,-4.734864245632453,-13.127761550142003,2021
2021-12-13,50109.99,50215.42,45800.52,46731.03,46731.03,2353893179.4,-57.632098175013326,-59.021449218639404,0.2794502924502229,1.231258972892335,-9.27017872278868,2021
2021-12-14,46731.03,48665.63,46320.4,48387.69,48387.69,1646492085.28,-57.23612256127223,-57.9714665192122,-3.4937811662429152,-4.002877591387399,-12.707116210755254,2021
2021-12-15,48387.69,49499.91,46562.1,48885.05,48885.05,2132679583.02,-55.120512889196334,-56.63662343960108,-4.032950769202448,-6.260625692312893,-13.941296981387985,2021
2021-12-16,48885.05,49451.4,47546.15,47635.92,47635.92,1271265804.99,-53.19985202086796,-55.79714641158746,2.6903227648379824,-8.824034468107255,-10.671862745591977,2021
2021-12-17,47635.92,48004.37,45505.02,46164.14,46164.14,1756062773.63,-55.24685141611431,-55.20083472186271,5.3089475943882025,-6.649316980669406,-3.43948787955326,2021
2021-12-18,46164.14,47356.67,45522.92,46861.62,46861.62,874187163.05,-55.87876673570708,-54.86149576547142,8.468721311811223,-11.347943156894702,-6.3277368558748215,2021
2021-12-19,46861.62,48286.29,46459.66,46697.13,46697.13,1035963939.83,-54.18448441644055,-54.627488647282476,8.872558120809583,-10.729695807857997,-13.174342834345499,2021
2021-12-20,46697.13,47495.72,45586.49,46913.54,46913.54,1517599333.73,-53.717064272875085,-54.75679171028426,7.499093012379787,-10.751565539500962,-14.748151599730052,2021
2021-12-21,46913.54,49334.04,46661.88,48917.48,48917.48,1546447524.57,-47.056433156681514,-52.70918714542606,3.8297148585740626,-14.483350327940048,-18.01065794885591,2021
2021-12-22,48917.48,49581.41,48460.43,48614.97,48614.97,1028434929.44,-38.91022624099771,-48.467052021748714,4.319163418181682,-12.078460605858654,-21.01764127387099,2021
2022-01-04,46450.79,47529.48,45587.91,45824.54,45824.54,1349229422.84,-31.21285970203439,-26.78374844334673,-8.630615822875697,-19.90581902186034,-14.004548654498228,2022
2022-01-05,45824.54,47067.18,42510.86,43432.51,43432.51,2152187256.39,-38.96160648099016,-30.678772810863347,-3.6836922388321702,-14.865638665598658,-11.520379549788862,2022
2022-01-06,43432.51,43779.23,42468.76,43094.54,43094.54,1585314774.47,-46.053730875570984,-36.05611930147964,-0.8156717765174015,-14.538199038671717,-11.750699740616799,2022
2022-01-07,43094.54,43138.79,40750.42,41543.79,41543.79,2146452950.19,-52.257385244650266,-42.121395575811455,5.718977493387101,-10.48036300973022,-6.728490587883296,2022
2022-01-08,41543.79,42306.77,40534.37,41686.67,41686.67,1143171232.86,-55.92319121313633,-48.29897845358694,2.1324322619197034,-9.456188273133836,0.6625139403075408,2022
2022-01-09,41686.67,42800.66,41237.13,41869.6,41869.6,901652458.82,-56.76463021148305,-52.749734386210164,2.9143579112291595,-8.800513976727743,-5.794609931788219,2022
2022-01-10,41869.6,42251.07,39667.6,41832.59,41832.59,2140270933.32,-57.9421765684068,-55.721845809419115,3.002802360551904,-9.380604930270863,-7.390314584872703,2022
2022-01-11,41832.59,43122.32,41279.45,42743.03,42743.03,1545270650.68,-55.74104104595291,-56.59275975974478,0.8359959506848202,-9.939328119695768,-9.212028253495363,2022
2022-01-12,42743.03,44293.83,42471.08,43919.67,43919.67,1384575768.8,-50.3162056685714,-55.191013373603546,-3.8599789114991068,-11.83565359211488,-13.94218125955865,2022
2022-01-13,43919.67,44442.67,42334.75,42575.61,42575.61,1263083590.1,-46.90174284444959,-52.72529153184518,-0.47646997893864285,-13.287936450000359,-6.762862587288831,2022
2022-01-14,42575.61,43467.05,41785.44,43089.83,43089.83,1165100829.55,-45.011696068279214,-49.49267140681328,-3.2839071307545153,-13.370185029739046,-8.760698290060553,2022
2022-01-15,43089.83,43811.94,42589.82,43088.74,43088.74,607715303.39,-41.483496985705365,-45.9282853917514,-5.550661263244172,-3.4774746256214573,-4.53738029935431,2022
2022-01-16,43088.74,43484.21,42617.07,43100.36,43100.36,543620929.25,-38.784599771134836,-43.04538391739226,-15.385161516052293,-3.9028676326601452,-4.973438736938618,2022
2022-01-17,43100.36,43198.05,41571.67,42224.38,42224.38,861459661.83,-40.33766859982479,-41.404365356236056,-16.929697961225244,0.4453114527673385,-1.0264449116837104,2022
2022-01-18,42224.38,42682.77,41301.01,42372.75,42372.75,1099916846.37,-42.145560291457805,-40.687831412030704,-14.359700515071594,3.5124460885828768,-0.3250438076358164,2022
2022-01-19,42372.75,42575.28,41144.83,41674.8,41674.8,1359832054.32,-44.59741921196259,-41.46631196859501,-11.930495167343336,5.771641375603487,-1.035733824757401,2022
2022-01-20,41674.8,43513.14,40564.32,40697.03,40697.03,1482814889.83,-46.8209228780823,-43.475392745331874,-9.143271634318284,9.155164394060211,0.8523226387773253,2022
2022-01-21,40697.03,41116.66,35494.42,36469.3,36469.3,3610621840.61,-59.25113413232861,-48.20375912845783,0.9873235844943595,19.365246933722325,16.207632172813845,2022
2022-01-22,36469.3,36811.86,34130.35,35075.92,35075.92,2419705021.17,-68.68646022008619,-54.83898411061493,6.026727167811985,20.87774176700141,22.31781803584909,2022
2022-01-23,35075.92,36539.19,34648.38,36288.15,36288.15,1405386710.59,-72.01045009967883,-61.692241832543985,4.013844739949524,16.398907081237258,21.27035960775072,2022
2022-01-24,36288.15,37469.19,32990.72,36702.79,36702.79,3289034581.3,-73.05562483078238,-68.25091732071901,4.038030896288802,14.62300277444848,20.784714186578192,2022
2022-01-25,36702.79,37555.35,35732.05,36975.99,36975.99,1632275610.85,-70.867427791541,-71.1549907355221,2.521771560409891,15.080840296635746,20.462792206510215,2022
2022-01-26,36975.99,38930.36,36275.92,36829.37,36829.37,2163384356.61,-67.1513891803556,-70.77122297558947,4.521635857469186,21.034733963681695,27.186916311628462,2022
2022-01-27,36829.37,37242.79,35543.94,37189.85,37189.85,1671118834.49,-65.13612561649093,-69.05264185479248,4.118435540880094,18.033119251623763,26.7246573998013,2022
2022-01-28,37189.85,38021.06,36176.78,37744.7,37744.7,1439590445.61,-61.19778535778373,-66.08818198654282,-2.1897378969762515,7.41929330475537,25.700561933198586,2022
2022-01-29,37744.7,38728.29,37343.45,38184.86,38184.86,913551592.58,-54.95159622340538,-62.10922409450892,-2.242302315629807,4.739574794827073,23.23316099626922,2022
2022-01-30,38184.86,38364.51,37377.53,37908.44,37908.44,658154943.17,-50.11293967526911,-57.8496117182373,9.7126128112895,5.799974886858972,20.085790921494006,2022
2022-01-31,37908.44,38769.81,36660.7,38494.66,38494.66,1310842543.43,-45.253620587652584,-52.87898546102771,7.5946897569688865,-0.2530480851110295,20.275773315051993,2022
2022-02-01,38494.66,39281.06,38033.98,38721.49,38721.49,1255765239.87,-37.08460534711616,-46.850690458360816,9.531967907226724,-4.349264452375145,18.33811147246658,2022
2022-02-02,38721.49,38883.19,36650.8,36918.19,36918.19,1099971099.08,-37.128833242827106,-42.39499971321625,18.806122401992063,3.6555421595695803,25.72192732092229,2022
2022-02-03,36918.19,37411.52,36270.47,37328.64,37328.64,1012101574.73,-39.45880938016684,-39.73146713944068,18.086595171964493,-0.15481410520179484,24.86219696190379,2022
2022-04-15,39951.63,40800.76,39779.2,40563.69,40563.69,561514975.78,-30.386618578286082,-26.309796122517845,2.0009520830082117,-9.902526126198087,-45.472490298589705,2022
2022-04-16,40563.69,40698.01,40019.08,40392.55,40392.55,313875941.14,-31.765188005451094,-28.84717627816606,0.24365879351513353,-10.850169152479861,-44.13145493414009,2022
2022-04-17,40392.55,40602.63,39563.9,39688.16,39688.16,389893199.53,-33.76628896089312,-31.046592418999168,0.07024765068472938,-10.630248416656263,-48.66768829797099,2022
2022-04-18,39688.16,41096.46,38569.14,40811.03,40811.03,1101204133.54,-34.32214610846369,-32.560060413273504,-3.3448310420001626,-16.60644193493769,-49.93446624601242,2022
2022-04-19,40811.03,41755.93,40588.12,41504.44,41504.44,768239204.72,-30.02298005650143,-32.46915078282734,-4.9107517171656845,-27.53329523299194,-54.33199436012147,2022
2022-04-23,39716.04,39988.54,39305.67,39445.97,39445.97,455659637.8,-32.4082911899487,-27.073943015137697,0.7701166937966075,-25.861044867194295,-49.408874975060826,2022
2022-04-24,39445.97,39943.44,39044.29,39466.26,39466.26,501272140.43,-35.77224639915998,-29.728755894451332,-2.209583578479446,-23.858227255382193,-46.540640030243566,2022
2022-04-25,39466.26,40590.8,38234.7,40437.52,40437.52,1514243711.31,-36.52254236507736,-33.12050935975822,-6.893078507287287,-22.606257752700955,-47.52531807094006,2022
2022-04-26,40437.52,40797.85,37726.59,38117.39,38117.39,1492483889.14,-40.97772154198238,-36.42020037404211,0.9526885235321636,-21.7194566574469,-43.66301050517887,2022
2022-04-27,38117.39,39465.62,37900.6,39252.04,39252.04,1341340920.21,-43.59119186065795,-39.21592554171943,-1.8827811242422055,-22.511263108872814,-46.418453665083405,2022
2022-04-28,39252.04,40386.5,38892.1,39749.75,39749.75,1188927763.73,-40.696341694760484,-40.44694936561955,-5.092786747086464,-27.880577865269597,-47.87851495921358,2022
2022-04-29,39749.75,39922.6,38179.15,38594.22,38594.22,964020058.19,-42.82412145401729,-42.02234413785453,2.8138669469158772,-21.536230036518422,-47.52592486646965,2022
2022-04-30,38594.22,38788.01,37607.77,37650.13,37650.13,525291276.33,-48.125243026156845,-43.80922450889815,-2.9303218873347747,-22.533733615262406,-46.62924138641752,2022
2022-05-01,37650.13,38668.0,37461.76,38480.53,38480.53,659030267.75,-50.136298863676586,-45.44550125965281,-6.420493688626427,-23.56986767074154,-48.26347246256743,2022
2022-05-02,38480.53,39155.96,38057.31,38513.01,38513.01,1152557748.76,-49.03499259309752,-47.53016398423706,-7.903303325291899,-21.418009135094874,-50.018630068125034,2022
2022-05-03,38513.01,38644.5,37519.23,37725.38,37725.38,1095654277.96,-51.040917668998006,-49.58436303798224,-9.785481286073194,-22.928065933331876,-49.03786257421396,2022
2022-05-04,37725.38,40004.37,37665.8,39680.21,39680.21,1426469839.29,-44.510300395116424,-48.68062738022214,-24.201762037045672,-25.327890149774912,-51.37573616671888,2022
2022-05-05,39680.21,39831.19,35616.74,36546.86,36546.86,1920976838.73,-49.92722463268824,-48.62835882247506,-15.141492319723227,-19.25908272283857,-44.69344288401247,2022
2022-05-06,36546.86,36654.02,35318.86,36009.89,36009.89,1682230363.22,-57.63834275064904,-50.77919636186293,-19.418776341721678,-18.942518291502697,-44.01901810863627,2022
2022-05-07,36009.89,36129.02,34837.06,35469.21,35469.21,713980596.97,-62.839538277290146,-53.728851513935965,-18.476560374476904,-19.374212168807816,-42.076409370267896,2022
2022-05-08,35469.21,35503.12,33732.4,34033.77,34033.77,1413921299.77,-67.7129096103969,-59.529503817756094,-14.071141692501287,-14.75076078847568,-36.49895383320742,2022
2022-05-09,34033.77,34229.57,30068.1,30076.9,30076.9,3472851115.69,-74.97932380516042,-65.79252861087413,-0.08840671744760886,-2.076909521925474,-28.20852547968706,2022
2022-05-10,30076.9,32625.41,29836.19,31013.12,31013.12,3244062170.09,-78.169958439768,-70.92543253315387,0.9124847806347924,2.267717662718227,-30.409549248834043,2022
2022-05-11,31013.12,32136.04,28087.41,29017.21,29017.21,3967102738.94,-80.69206218033725,-75.38856350891564,2.8303548135744316,9.528655580602008,-28.158048275488923,2022
2022-05-12,29017.21,30085.67,25835.61,28915.72,28915.72,4501368166.33,-82.61632758044547,-79.1144180014278,5.188146793508852,3.022093172848539,-31.026272214560112,2022
2022-05-13,28915.72,30964.26,28700.17,29244.83,29244.83,1942170683.15,-80.6520472585933,-80.53259886478601,-1.974844784531149,4.0855084471340675,-33.972226885914544,2022
2022-05-14,29244.83,30274.18,28588.99,30050.31,30050.31,845013800.63,-78.07311932674445,-80.50838908653012,0.7726043425176021,-1.2313017735923637,-32.67686755976893,2022
2022-05-15,30050.31,31406.35,29462.91,31296.11,31296.11,810199953.22,-73.32767123553916,-78.6672913503306,-6.80582986192213,-4.63517670406961,-34.2494003248327,2022
2022-05-16,31296.11,31296.19,29104.45,29838.5,29838.5,1242326194.24,-70.11090093625081,-75.54093468928194,-1.433651155386495,0.19907166915227315,-30.200010054124704,2022
2022-05-17,29838.5,30744.47,29434.76,30415.91,30415.91,1000070390.57,-66.61232097641852,-72.03100311873824,-0.4984891130990321,3.0834849261455632,-30.302890822599093,2022
2022-05-18,30415.91,30673.66,28610.2,28667.29,28667.29,1322816665.45,-65.19420397247282,-68.81127428017034,1.4245853026219057,8.527000633823434,-27.46851899848224,2022
2022-05-19,28667.29,30505.0,28653.17,30282.48,30282.48,1453211639.97,-62.14434213726702,-66.0154420056023,-2.154480082212551,-0.30780173882719586,-25.873343266469597,2022
2022-05-20,30282.48,30725.44,28698.31,29166.15,29166.15,1692088244.46,-59.92738710169358,-63.469563546962995,1.173003636064407,3.1433356819463576,-19.77031593131079,2022
2022-05-21,29166.15,29613.15,28924.28,29410.72,29410.72,462392582.18,-58.2236102996346,-61.37238587776701,-0.7548608126560774,-1.1673974659579867,-21.039777332890864,2022
2022-05-22,29410.72,30454.36,29219.51,30264.29,30264.29,639923811.62,-53.99709436409691,-58.57310847567303,-5.508009604718955,-6.1947595664725625,-23.495512367876458,2022
2022-05-23,30264.29,30634.84,28861.27,29075.68,29075.68,1147137210.63,-52.01884277229281,-56.041733634429484,-0.21375252444655324,-8.558114547965868,-21.974928875266208,2022
2022-05-24,29075.68,29800.48,28629.55,29630.05,29630.05,826118559.89,-50.722497948214276,-53.740511346059655,-0.6001339855990828,-24.159459737664967,-24.22510255635748,2022
2022-05-25,29630.05,30189.17,29321.43,29508.27,29508.27,800315804.06,-47.63057006612343,-51.09225128768186,7.4831225280235,-25.043487808671948,-23.460778961287797,2022
2022-05-26,29508.27,29848.6,28060.72,29188.71,29188.71,1314694988.34,-48.25638488998445,-49.657073919153746,8.885113456538507,-22.68678540435668,-27.007428557137324,2022
2022-05-27,29188.71,29359.16,28251.91,28597.33,28597.33,1054644721.04,-49.67443001505198,-49.070970729843545,4.169095506468601,-28.759607977388114,-25.664109201803107,2022
2022-05-28,28597.33,29234.85,28504.59,29013.53,29013.53,365397751.75,-49.1419495670016,-48.675833634540375,4.915292968487472,-29.576787105877845,-20.86385214070815,2022
2022-05-29,29013.53,29548.72,28820.15,29452.23,29452.23,374906552.33,-45.906657773922674,-48.24485556149018,0.77437260268578,-35.64409214514487,-19.002228354185736,2022
2022-05-30,29452.23,32161.5,29287.63,31716.41,31716.41,1426112899.49,-31.535780090308496,-44.064704361571195,-5.898933706557585,-35.19607042537286,-25.057249543690475,2022
2022-06-12,28389.49,28519.32,26570.67,26587.35,26587.35,1060464718.45,-34.87313802725968,-16.5088407663945,-23.15044560665128,-27.688694059392905,-9.944541295014353,2022
2022-06-13,26587.35,26871.6,21976.15,22471.59,22471.59,4089411013.33,-49.7666581344507,-29.02119370546376,-15.652385968238114,-14.139542417781747,8.635704015603697,2022
2022-06-14,22471.59,23214.28,20837.64,22118.37,22118.37,2063908671.45,-59.471006798681046,-41.454732101750295,-7.075069274996304,-8.615282229205846,10.540966626383419,2022
2022-06-15,22118.37,22743.84,20083.9,22566.73,22566.73,2516136880.34,-64.38189165855825,-52.12317365473742,-8.932707574380515,-10.670752918123272,7.741396294456493,2022
2022-06-16,22566.73,22961.17,20209.17,20372.85,20372.85,1326876814.5,-67.21909379543666,-60.20966259678167,1.6019359098015329,0.8451934805390637,18.30298657281628,2022
2022-06-17,20372.85,21330.5,20221.24,20432.26,20432.26,1312456705.74,-68.67203125322364,-64.93600587647491,-2.3301387120171713,5.772929671020255,16.769461625879867,2022
2022-06-18,20432.26,20722.69,17600.75,18954.25,18954.25,1898530847.49,-70.51941094241711,-67.69810691240892,11.312291438595556,13.919833282772998,23.128216626877872,2022
2022-06-19,18954.25,20776.87,17936.0,20553.48,20553.48,1190970309.62,-69.80478372924182,-69.05382993007981,3.2402298783466232,5.00494320183249,12.8836090044119,2022
2022-06-20,20553.48,21016.02,19616.32,20550.91,20550.91,995940744.76,-67.4271567030496,-69.10584565698305,4.492647770828628,1.4384764470283695,1.3747323111239274,2022
2022-06-21,20550.91,21694.7,20339.03,20699.21,20699.21,954292227.72,-63.9914600250862,-67.9357028499487,1.607017852372139,-3.6472889545059894,2.1394536313221746,2022
2022-06-22,20699.21,20862.67,19756.23,19956.16,19956.16,1027725806.49,-61.99590643586434,-65.8048267233105,3.818369866747906,-3.2393506566393615,7.810270112085704,2022
2022-06-23,19956.16,21195.95,19870.07,21098.41,21098.41,836636021.34,-58.71015016127078,-63.03116833131774,-4.011913693970303,-4.1121582147659375,1.4278327134604085,2022
2022-06-24,21098.41,21528.86,20717.47,21219.46,21219.46,850728330.88,-54.48188856978987,-59.794851298002804,-5.303150975566762,-3.025901695896116,1.4192632611762956,2022
2022-06-25,21219.46,21587.06,20902.05,21474.19,21474.19,459148971.07,-50.08515152569137,-56.3182741731541,-7.291078266514351,-3.012546689770368,-0.4896110167601164,2022
2022-06-26,21474.19,21855.84,20968.82,21031.85,21031.85,445023789.79,-46.21405680065904,-52.372811764352775,-8.475336216262463,0.7947945615816021,2.5371995330891073,2022
2022-06-27,21031.85,21505.42,20553.32,20718.16,20718.16,643546203.12,-44.23317547432725,-48.75356809261689,-7.203825050100976,0.36031191959131625,-2.2693617579939485,2022
2022-06-28,20718.16,21184.16,20179.52,20251.96,20251.96,680727935.72,-44.02258930170414,-46.13874327559546,-4.729171892498307,10.840580368517427,-1.0544164614190499,2022
2022-06-29,20251.96,20402.7,19844.86,20094.16,20094.16,751143299.02,-45.307149051251,-44.94424265698537,0.5904700669249197,16.451297292347622,-2.687746091401666,2022
2022-06-30,20094.16,20138.96,18622.86,19908.49,19908.49,1084138608.25,-48.03886210006529,-45.40044398183693,1.2567502608183512,16.647570960931745,1.928222582425887,2022
2022-07-01,19908.49,20817.65,18952.12,19249.33,19249.33,1220917103.86,-48.88124154831648,-46.56246050033424,6.731195319525396,20.282316319580996,2.9309072056014296,2022
2022-07-02,19249.33,19419.25,18965.44,19225.66,19225.66,393018265.78,-50.90540704689838,-48.283164936632794,12.411225414368076,18.000214296934413,4.28916354497062,2022
2022-07-03,19225.66,19617.18,18768.2,19294.21,19294.21,430213883.45,-51.598546246020454,-49.856014235325155,11.912589320837718,16.36724177875124,4.331454876877583,2022
2022-07-04,19294.21,20313.34,19036.44,20212.81,20212.81,623812499.17,-48.35525089370167,-49.93511143373426,6.774713659308107,11.738051265509352,-1.2634067207874744,2022
2022-07-05,20212.81,20725.51,19284.32,20158.69,20158.69,931653558.35,-43.974257271758354,-48.70836536459473,3.412126482425193,5.6893577906104165,-1.6067512323469368,2022
2022-07-06,20158.69,20637.99,19749.93,20545.04,20545.04,794040793.32,-37.91899015860289,-45.46176114252085,-2.9242581177744142,3.4706186992091492,-2.6360620373579335,2022
2022-08-27,20247.99,20363.82,19828.05,20038.42,20038.42,774590756.91,-35.53863967347686,-28.129071240559362,0.45667273168243927,-1.1697529046701183,3.6846218414425813,2022
2022-08-28,20038.42,20155.59,19527.69,19554.08,19554.08,597441164.24,-40.51641287957699,-32.45661062410023,2.0627920106698783,2.8856893292857455,3.7905132841841604,2022
2022-08-29,19554.08,20415.53,19548.16,20292.37,20292.37,1043661877.31,-42.082248707307016,-36.88819958946469,-2.2549362149418606,-4.310240745659566,1.5154464461272887,2022
2022-08-30,20292.37,20574.12,19548.55,19813.51,19813.51,1405744450.56,-43.26127125876596,-40.34964312978171,0.9586892983625805,-1.373961504044463,5.080775692948913,2022
2022-08-31,19813.51,20483.64,19804.19,20050.28,20050.28,1165077708.26,-43.034601992776544,-42.22363370960663,-1.281727736470506,-5.836975842731363,2.8945730433689754,2022
2022-09-01,20050.28,20204.51,19571.05,20129.93,20129.93,896421556.74,-43.22802641911911,-42.90153709449216,-6.646719586208194,-8.255766413494737,1.8014469002127775,2022
2022-09-02,20129.93,20439.1,19760.56,19957.44,19957.44,836881983.68,-42.46333283358335,-42.996808126061254,-3.356743149421959,-2.7632802603941187,2.619724774319754,2022
2022-09-03,19957.44,20052.13,19659.2,19834.79,19834.79,339922228.57,-42.79845770651822,-42.881104737999316,-2.5864654982482804,-2.7409415476543963,1.5908411432639324,2022
2022-09-04,19834.79,20022.47,19591.33,20003.46,20003.46,387149235.82,-42.47282834601779,-42.74066132630963,6.830168380870116,-5.394416765899502,1.0224731121516006,2022
2022-09-05,20003.46,20051.73,19638.59,19793.29,19793.29,518213568.45,-42.16877878777802,-42.475849418474354,9.406420054473008,-4.968097774548863,6.857424915211152,2022
2022-09-06,19793.29,20177.38,18707.09,18791.95,18791.95,1428040857.48,-45.856047412274286,-43.32402806314708,16.201086103358087,2.3361598982542864,13.35476094817194,2022
2022-09-07,18791.95,19458.77,18559.15,19287.52,19287.52,961396794.5,-48.5970594446832,-44.77367849768834,16.139970302039863,-1.068670311164932,8.415130612955934,2022
2022-09-08,19287.52,19452.91,19023.78,19321.77,19321.77,850349370.86,-48.80406346262632,-46.356487276840454,4.409533909160501,0.4704537938294395,6.583040787671113,2022
2022-09-09,19321.77,21559.78,19299.24,21369.73,21369.73,1657848347.88,-36.710755118614564,-44.9919813595496,-5.31616449997262,-8.312084429705013,-13.219773951285296,2022
2022-09-20,19541.28,19634.28,18735.87,18879.95,18879.95,1124075891.27,-30.517630931342076,-23.551380518587017,-0.3708166600017604,1.3316242892592367,-11.632604959229232,2022
2022-09-21,18879.95,19744.77,18189.92,18468.05,18468.05,1811417134.73,-34.91083117473493,-28.07888457352439,4.130972138368705,3.1960060753571717,-11.990708277268036,2022
2022-09-22,18468.05,19509.87,18366.46,19405.96,19405.96,1827681691.12,-35.85056485104287,-31.884562306557633,-1.6724758785445215,-1.293983910097729,-18.786857233550926,2022
2022-09-23,19405.96,19500.17,18540.64,19291.13,19291.13,1261371285.29,-36.13393113164513,-34.35323952219126,0.6300304855132666,0.45502777701460495,-16.032653348974378,2022
2022-09-24,19291.13,19308.47,18813.25,18924.39,18924.39,566563739.62,-36.80121264052695,-35.924134949487474,3.535490443813516,1.3613120422903968,-12.330172861582323,2022
2022-09-25,18924.39,19172.03,18652.6,18809.94,18809.94,544445399.91,-38.111879011431675,-36.72439690866166,3.2732161825077766,1.3810783022168094,-11.810138681994731,2022
2022-09-26,18809.94,19316.15,18689.2,19230.96,19230.96,1874981288.59,-36.895917811712316,-36.98573514882902,0.4315957185704766,0.17315828226982521,-14.157535557247257,2022
2022-09-27,19230.96,20377.45,18832.07,19081.4,19081.4,2089386131.83,-31.446874910587592,-35.81397109356464,-0.12184640540002789,2.458362593939656,-13.782374458897163,2022
2022-11-16,16879.14,16988.63,16373.11,16648.05,16648.05,1075046774.52,-30.88010584411495,-28.453439468307096,-5.333117091791529,2.6337619120557765,25.413727133207797,2022
2022-11-17,16648.05,16731.41,16405.81,16680.21,16680.21,650179026.0,-31.898257102851144,-30.179555237085957,-2.889412063756991,0.9450720344647889,27.030295182135,2022
2022-11-18,16680.21,16975.14,16531.77,16677.95,16677.95,753255014.89,-31.873807038917793,-31.056992190563584,-0.5214669668634375,3.2861952458185684,26.730923165017263,2022
2022-11-19,16677.95,16798.75,16539.01,16683.72,16683.72,282884885.11,-31.906191589327374,-31.63959039380282,-0.5709757775843927,2.656062317037189,23.944000498689743,2022
2022-11-20,16683.72,16730.0,16169.2,16253.6,16253.6,470894190.07,-33.29842964172994,-32.24417134320657,1.5672220308116547,5.387052714475549,29.708372299059892,2022
2022-11-21,16253.6,16272.47,15480.69,15760.19,15760.19,1289350720.98,-36.920940131196545,-33.499842100292916,4.386622242498328,8.468425824815572,43.88278313903575,2022
2022-11-22,15760.19,16277.08,15600.3,16198.25,16198.25,1184556737.9,-38.139420241718184,-35.06624540099301,1.3743459941660374,6.237772598891844,40.693716913864144,2022
2022-11-23,16198.25,16676.49,16144.79,16590.98,16590.98,1087435133.37,-35.829245201511384,-36.04700880403902,-2.3143298346450902,7.138457161662548,36.91168333636712,2022
2022-11-24,16590.98,16787.9,16453.52,16588.46,16588.46,624934230.62,-32.48475596684321,-35.843590385317334,-0.9444517453699675,7.311769748367247,38.153089557439344,2022
2022-11-25,16588.46,16605.86,16336.71,16508.33,16508.33,572460119.25,-30.773057824577908,-34.306619808662674,3.961757488492146,5.154246371377336,37.12955822908797,2022
2022-11-28,16420.87,16477.82,16000.76,16207.01,16207.01,867757025.61,-30.050581181090475,-29.348715279847095,4.203736531291091,3.3055449462917608,42.39363090415813,2022
2022-12-31,16599.47,16625.46,16487.05,16531.31,16531.31,456998456.42,-31.878882806213905,-25.649318668130505,1.7818309619745731,37.17122236531769,43.0183088938505,2022
2023-01-01,16531.31,16619.82,16502.85,16613.87,16613.87,335220861.58,-32.86237203335311,-29.314443095181154,2.000075840246729,37.17405998722754,41.25083439319075,2023
2023-01-02,16613.87,16768.07,16544.15,16670.08,16670.08,503360386.62,-30.177615385164405,-30.944725822831426,1.6355650362805507,36.26203353553193,34.13804852766151,2023
2023-03-06,22434.09,22595.33,22311.67,22410.79,22410.79,607585243.32,-31.02230448254202,-22.98448827056544,-8.019306771425738,24.91822019661065,31.849479647973133,2023
2023-03-07,22410.79,22540.85,21951.39,22201.44,22201.44,865083425.31,-35.06700009125472,-28.839604228332746,-0.07985968477720595,22.271393206927126,30.36983186676181,2023
2023-03-08,22201.44,22262.91,21628.01,21704.74,21704.74,907354581.02,-40.24900847247218,-33.43260526128421,11.529094566440312,25.622698083460115,31.643180245421032,2023
2023-03-09,21704.74,21822.92,20113.96,20370.48,20370.48,1584851678.8,-49.16320686777697,-38.875379978511475,21.53645864014988,39.19995994203378,36.39060051604086,2023
2023-03-10,20370.48,20371.25,19599.47,20206.71,20206.71,2103890132.26,-56.54957355777606,-45.257197247319986,20.613944575836452,38.76929990087452,36.98523906167803,2023
2023-03-11,20206.71,20847.88,19895.33,20613.6,20613.6,1416403424.21,-58.68907572587821,-51.16271615597586,21.52088912174488,38.13511468156945,34.031561687429665,2023
2023-03-12,20613.6,22224.01,20445.19,22183.71,22183.71,1352204877.06,-53.43857185444636,-54.46010700146941,23.700724540665206,28.33060836081973,21.67315566242076,2023
2023-03-13,22183.71,24596.0,21896.85,24207.1,24207.1,2198916015.73,-38.434502046178544,-51.777930796069796,11.427886859640356,16.444555522966397,10.74060916012245,2023
2023-05-12,26991.62,27092.93,25833.3,26807.09,26807.09,1123450368.34,-35.70446933015797,-23.64737744687336,2.234931132025153,0.06953384347201386,14.248208216557634,2023
2023-05-13,26807.09,27043.5,26705.45,26788.88,26788.88,335722601.8,-39.10860947470917,-30.508731217599554,0.12852347690535115,1.7255667276870001,13.424749373620703,2023
2023-05-14,26788.88,27189.55,26611.92,26931.44,26931.44,319668371.39,-40.73233523616758,-35.8198466980631,-0.1597389519461312,0.5453106109439387,16.873735678448675,2023
2023-05-15,26931.44,27668.19,26759.29,27176.27,27176.27,764041771.98,-39.604602546649545,-38.78750414692107,-0.21242797484717357,-0.18777411322451476,11.608730705133553,2023
2023-05-16,27176.27,27304.97,26869.45,27036.57,27036.57,649282623.49,-39.40724528318935,-39.713198135178914,-1.040812499514554,-4.79391431679389,12.064696076462367,2023
2023-05-17,27036.57,27488.05,26565.39,27406.21,27406.21,788279620.49,-38.201345864490555,-39.48638223262426,-2.0097999686932155,-0.500579978041471,10.369766560206607,2023
2023-05-18,27406.21,27476.67,26379.63,26823.31,26823.31,749234030.86,-39.36227339559739,-39.143866772481715,1.4964223281914046,-1.7686109581554255,12.393586026482195,2023
2023-05-19,26823.31,27178.6,26668.92,26888.42,26888.42,442561192.0,-39.675018641951816,-39.16147079630728,-2.0910488604388044,-1.4107560057452173,11.06561858227446,2023
2023-05-20,26888.42,27164.5,26840.23,27118.54,27118.54,199050865.32,-38.12831289286382,-38.8417376987259,-2.3538509079028658,-2.340575856959848,10.32526087318859,2023
2023-05-21,27118.54,27280.07,26691.06,26755.17,26755.17,322799242.35,-38.27531158202535,-38.8602291281096,-0.13257250841611778,-3.3600608779536745,11.416260857247407,2023
2023-05-22,26755.17,27084.08,26548.27,26855.4,26855.4,474287648.56,-39.08136459456255,-38.79000192785089,0.06400947295515103,-3.4176366764226196,11.379685277448836,2023
2023-05-23,26855.4,27480.33,26808.03,27224.7,27224.7,578611517.74,-33.92268969029937,-37.35191968993777,3.1327066964925265,-4.845085528949822,9.428607110454834,2023
2023-05-24,27224.7,27225.89,26092.06,26326.17,26326.17,843296169.29,-39.14314086731674,-37.60562668355101,5.393492482955176,-1.5088788076655257,14.28050491203241,2023
2023-05-25,26326.17,26605.5,25882.27,26480.21,26480.21,604389199.53,-44.6805707365785,-39.20694147218929,4.619865174785254,-5.115065175087352,10.199428176740287,2023
2023-05-26,26480.21,26940.67,26338.96,26719.7,26719.7,542617989.88,-43.700306925435726,-40.36167705490759,1.8730374966784646,-4.286500222682143,9.382328394405626,2023
2023-05-27,26719.7,26902.14,26585.34,26872.59,26872.59,198605797.63,-40.57539350008564,-42.02485300735415,-0.174378427981825,-2.0169250526279714,9.226762288264734,2023
2023-06-08,26348.91,26816.33,26225.25,26509.09,26509.09,401604313.0,-31.423503888527247,-27.303836905076793,-2.188494588082812,13.46636191585604,10.083597739492367,2023
2023-06-09,26509.09,26777.91,26290.32,26483.81,26483.81,439912147.38,-33.46263819494039,-29.779970300624502,-5.127963083861431,14.965218373036194,12.41022345349856,2023
2023-06-10,26483.81,26533.58,25424.05,25856.18,25856.18,809187356.13,-41.66739756212122,-33.699200155152525,-1.0899521893798725,17.848266836013682,14.349722194075065,2023
2023-06-11,25856.18,26214.2,25655.94,25937.58,25937.58,341057974.45,-46.30803269233305,-38.21539308448048,1.51521460367543,17.939915751585133,13.457384998908918,2023
2023-06-12,25937.58,26099.5,25629.48,25905.64,25905.64,441188405.58,-49.38055714995905,-42.704656399838434,2.334588143740124,18.18916652898752,13.502542303529275,2023
2023-06-13,25905.64,26425.22,25717.6,25928.94,25928.94,599487905.69,-49.342236889185145,-46.674556073399614,1.5776194476133654,20.17552587957705,13.452690314374616,2023
2023-06-14,25928.94,26074.14,24836.48,25125.73,25125.73,684056303.1,-55.21618044220905,-50.06175179342158,6.8310851067809875,22.481575659692265,16.54009654644859,2023
2023-06-15,25125.73,25740.96,24765.75,25574.36,25574.36,824201465.11,-57.985384628838126,-52.98108977754785,10.733367325712152,19.272075625743913,14.994940244838983,2023
2023-06-16,25574.36,26479.27,25205.5,26330.59,26330.59,715401866.52,-52.5704633869193,-53.77856633678791,13.938008984986649,13.586440714013627,10.78836440808959,2023
2023-06-17,26330.59,26780.79,26170.91,26510.43,26510.43,331591669.75,-41.75952682162322,-51.882888819897424,12.758676490724596,14.48207365931069,8.26983945564066,2023
2023-06-18,26510.43,26686.77,26260.74,26338.0,26338.0,248624880.04,-33.50288610190201,-46.45456523482067,16.582086718809318,15.021489862556002,1.1074113448249712,2023
2023-07-25,29181.04,29367.59,29054.49,29226.63,29226.63,354541899.17,-36.74800691734459,-26.18168387811502,0.19403537116664538,0.624738466254926,-9.037032322919202,2023
2023-07-26,29226.63,29682.98,29098.81,29352.06,29352.06,486510821.91,-39.61266706124316,-31.026410855732713,-0.4108399887435499,-0.6160726027406693,-10.52948242814985,2023
2023-07-27,29352.06,29566.99,29082.04,29217.05,29217.05,373268935.18,-42.3046990536274,-36.897600277223134,1.652083286984829,-1.7601024059581638,-9.991152426408545,2023
2023-07-28,29217.05,29528.45,29121.24,29316.82,29316.82,342975082.63,-43.33803544132437,-40.500852118384884,-0.5223281379085454,-9.16589862065531,-10.588563152483799,2023
2023-07-29,29316.82,29406.57,29258.14,29358.76,29358.76,146316009.97,-43.39214329638528,-42.16188621314505,-0.6165451129407362,-11.271150416434484,-10.213510379866175,2023
2023-07-30,29358.76,29449.84,29043.43,29283.34,29283.34,224246250.77,-44.23208937496193,-43.316741791574756,-0.6994762209502126,-10.885165421703945,-7.7045173125743105,2023
2023-07-31,29283.34,29524.99,29108.82,29231.47,29231.47,426457343.16,-43.929846037447675,-43.723028537529814,-0.6196404080944351,-10.401324326145767,-7.943733243658291,2023
2023-08-01,29231.47,29721.48,28564.09,29699.74,29699.74,822433494.24,-42.55208872826535,-43.526541859265066,-2.200625325339556,-12.032293885401025,-9.21041733025273,2023
2023-08-02,29699.74,30029.06,28914.46,29163.69,29163.69,838251477.68,-40.2186397438112,-42.733165971121544,0.06333217778682343,-10.70056635494343,-4.0090262926262055,2023
2023-08-03,29163.69,29397.03,28945.61,29177.75,29177.75,450334651.17,-42.47408667148866,-42.29366529525323,2.031548011755535,-9.419334938437673,-5.725355793369946,2023
2023-08-04,29177.75,29308.95,28794.51,29078.51,29078.51,375805085.38,-45.81580780435759,-42.7651557369807,1.6780777281917292,-10.01526556897172,-5.6737776454158,2023
2023-08-05,29078.51,29111.36,28953.98,29050.34,29050.34,120051247.27,-47.98345170011439,-44.12299647994296,1.3003634380871265,-10.32363132410843,-4.339157476298039,2023
2023-08-06,29050.34,29164.68,28962.89,29046.16,29046.16,126689336.09,-48.56136495622823,-46.208677783047214,1.2304552477849118,-10.4516741627809,-5.617162475177439,2023
2023-08-07,29046.16,29245.27,28672.37,29182.16,29182.16,475156597.17,-48.975603554268034,-47.83405700374207,0.8050123774251183,-10.591539488509415,-4.233922369009013,2023
2023-08-08,29182.16,30210.36,29111.88,29770.51,29770.51,786792606.34,-34.13645079538739,-44.914217751499514,-1.6424307141530314,-12.309194568719173,-6.035570099403742,2023
2023-08-16,29171.23,29228.22,28696.21,28702.8,28702.8,479152538.98,-30.993755213175262,-19.389551156212708,-8.976894240283173,-10.1655239210112,-5.314429254288777,2023
2023-08-17,28702.8,28752.02,25328.06,26629.67,26629.67,1394530695.43,-52.24007547620307,-28.714563680105123,-2.203031430731206,-3.2969240700316593,7.092464908502438,2023
2023-08-18,26629.67,26823.13,25629.62,26049.69,26049.69,888090076.41,-64.1309367067002,-41.44230112750279,1.4576373077760385,0.8255760433233617,9.05872584280274,2023
2023-08-19,26049.69,26266.25,25797.39,26095.8,26095.8,265159375.46,-69.78119125217964,-54.286489662064554,0.2698518535549921,-0.7229899064217116,8.554135148184772,2023
2023-08-20,26095.8,26291.33,25983.85,26191.01,26191.01,192271431.08,-71.62635040328186,-64.4446384595912,-0.5334654906397174,-1.1171772298968152,9.708560303707259,2023
2023-08-21,26191.01,26248.2,25819.92,26126.18,26126.18,430024076.12,-72.01367972375807,-69.38803952147995,-0.4433483961298612,-1.1196049326767321,13.619250881682653,2023
2023-08-22,26126.18,26137.6,25369.8,26043.01,26043.01,514473682.56,-71.96422202373641,-71.346360850739,0.1855008311251405,-3.4018341197887603,14.90254006737317,2023
2023-08-23,26043.01,26807.82,25802.48,26429.4,26429.4,672652092.31,-68.85817615625729,-71.11560707675841,-1.223637312992354,-2.228805799601963,13.515403300869465,2023
2023-08-24,26429.4,26565.88,25859.32,26166.22,26166.22,449180401.68,-66.41949328535009,-69.81389279727547,5.954967893719454,0.23415686331460517,26.438132829273762,2023
2023-08-25,26166.22,26291.13,25759.58,26051.29,26051.29,489263026.85,-64.62331903673243,-67.96630262551906,4.814041838235261,1.8516165610225066,30.218196488542404,2023
2023-08-26,26051.29,26109.19,25979.58,26010.35,26010.35,93024725.64,-62.51668173977503,-65.60441755452872,-0.2808881848956224,2.288089164505669,32.65257868502347,2023
2023-08-27,26010.35,26168.79,25966.75,26091.32,26091.32,107924452.3,-59.96347784756885,-63.38074297735661,-1.1211774643827832,1.8312986847733415,30.913499202033456,2023
2023-08-28,26091.32,26233.53,25861.84,26106.0,26106.0,302943657.3,-57.431503884087384,-61.13374562704092,-0.9095227150846541,1.6360989810771498,29.884700835057053,2023
2023-08-29,26106.0,28154.08,25911.89,27724.41,27724.41,1089036684.85,-45.78139072693073,-56.4232635495905,-6.32309217761533,-3.4503529561134005,22.96041647053988,2023
2023-08-30,27724.41,27766.41,27036.49,27305.41,27305.41,520197058.0,-35.57703407073348,-49.688351632330125,-5.453754402515831,-0.31638418906729804,26.478159456312866,2023
2023-08-31,27305.41,27563.68,25683.18,25937.29,25937.29,741278108.53,-34.850620345154354,-43.41013725672649,-0.5871083679135469,4.584557600273587,32.99215145452743,2023
2023-09-01,25937.29,26137.14,25323.44,25798.79,25798.79,639696809.37,-38.781940769375126,-38.74774647804843,-0.1824891787560623,2.979519582119927,34.33858719730656,2023
2023-09-02,25798.79,25980.31,25729.66,25868.56,25868.56,181289556.36,-40.384606234516134,-37.39855035494478,1.531550267970072,2.7624266677387377,36.99935365555718,2023
2023-09-03,25868.56,26115.72,25805.82,25971.37,25971.37,160541183.85,-40.34044553094634,-38.589403219998,-0.24734929270191497,2.364295761063051,34.56028696214333,2023
2023-09-04,25971.37,26089.36,25636.28,25816.24,25816.24,228454428.06,-40.955946276002145,-40.11573470270994,0.31828802335274187,1.7244958987056025,34.53655528458055,2023
2023-09-05,25816.24,25878.61,25567.56,25785.01,25785.01,280146729.52,-41.95094478808302,-40.90798570738691,0.1887142956314536,1.9892177664464716,36.071655585939276,2023
2023-09-06,25785.01,26019.64,25379.85,25751.71,25751.71,390027105.24,-42.51979067480427,-41.44178181745895,-2.3091282093499754,1.7897063923133727,36.066575773026344,2023
2023-09-07,25751.71,26426.41,25600.8,26264.75,26264.75,491838528.79,-38.08470620045036,-40.87784698483496,-1.6158920225777917,0.3634148430881723,33.46629988863399,2023
2023-09-08,26264.75,26443.61,25650.9,25907.13,25907.13,482397556.59,-35.543725632338116,-39.524791823918946,1.2365707818658533,4.323404406431752,36.72626029977075,2023
2023-09-09,25907.13,25936.62,25799.89,25898.41,25898.41,105931726.4,-35.231121598432345,-37.84483602650628,2.4528532832710503,3.903675939951534,37.608177490432816,2023
2023-09-10,25898.41,26020.84,25589.02,25833.67,25833.67,217583144.54,-35.79310975177053,-36.163165795747844,2.987651386736778,4.376459093887952,42.07869032932603,2023
2023-09-11,25833.67,25889.38,24911.78,25157.07,25157.07,619642052.88,-42.84478627580035,-37.353185814585345,5.612974801914539,11.278896946266004,48.35396172924749,2023
2023-09-12,25157.07,26545.24,25128.37,25840.34,25840.34,937711286.48,-39.386240698893,-38.313814581224065,2.68100187536231,6.4506891163196745,43.73735020514435,2023
2023-09-13,25840.34,26432.59,25768.65,26227.49,26227.49,495397769.94,-30.324838088993495,-37.08724370386435,2.060166641947059,4.57981301298751,41.37746311217734,2023
2024-01-24,39876.44,40526.25,39429.31,40078.62,40078.62,1476062916.95,-32.4382693916473,-25.05952159511469,8.043340813630806,24.088878309682315,67.69122789157909,2024
2024-01-25,40078.62,40280.91,39523.94,39941.74,39941.74,1164224625.52,-34.56280662848825,-29.837080398544547,7.515696612115552,29.799528012550304,74.98551640464335,2024
2024-01-26,39941.74,42227.71,39814.87,41816.55,41816.55,1763833855.75,-30.283722161324267,-31.712044815891623,1.766118917031645,24.196209395562285,67.374448633376,2024
2024-04-18,61283.74,64181.25,60829.27,63511.2,63511.2,1972785716.37,-32.20909419317776,-24.885611782099822,4.572201438486445,-3.6708328609757035,4.6771750494400965,2024
2024-04-19,63511.2,65491.94,59607.49,63848.26,63848.26,2923364930.21,-33.70993849607396,-29.440584192403858,0.6510592457805275,-1.207675823898724,2.0513636550158143,2024
2024-04-20,63848.26,65453.07,63140.68,64979.21,64979.21,866105478.99,-30.968881378661564,-31.57686359112399,-0.7551953924955446,-6.445738567766524,-0.04369089744242771,2024
2024-04-30,63847.54,64721.13,59097.29,60633.97,60633.97,2518380270.05,-37.16433034889005,-29.422017661737478,5.613239575109463,17.80562941862456,0.44748842934085875,2024
2024-05-01,60633.97,60788.52,56516.09,58277.44,58277.44,3014503800.73,-47.93195248025561,-35.37639229649342,8.392612990550031,20.357328667834395,7.564573872839975,2024
2024-05-02,58277.44,59628.08,56936.28,59083.85,59083.85,1724718703.27,-53.469210061020256,-42.00235174849166,5.482902688298075,16.992308388840605,6.359470481358276,2024
2024-05-03,59083.85,63355.83,58835.76,62917.45,62917.45,2147038663.01,-49.34306244690268,-46.97713883426715,-2.7617775354849883,7.992854128703586,-1.3874847121108647,2024
2024-05-04,62917.45,64539.14,62587.84,63904.51,63904.51,1029192793.92,-39.69605529609236,-47.61007007106773,-1.2946347605200303,7.266811059188161,-5.863921028421948,2024
2024-05-05,63904.51,64634.43,62923.47,64037.5,64037.5,803966989.59,-31.122173172603738,-43.407625244154765,-5.06996681631856,8.200585594378285,-10.925457739605704,2024
2024-05-11,60790.82,61489.54,60474.73,60823.19,60823.19,505608099.69,-30.47293816440731,-25.68842242906254,7.279032882030689,10.948225504121044,-5.092481995765108,2024
2024-05-12,60823.19,61838.51,60600.9,61459.22,61459.22,502848342.69,-31.83774246552016,-27.720915082326606,9.098927711741233,10.189488249281409,-6.6881258824957435,2024
2024-06-18,66481.73,66570.67,64033.69,65158.02,65158.02,2293594296.72,-30.707970461446237,-23.407427126345986,-3.034162179882083,-12.965802214370537,-8.686697355137552,2024
2024-06-19,65158.02,65708.56,64656.84,64950.82,64950.82,878187235.08,-34.9601758644786,-27.86264247728822,-7.20525160421378,-10.628995907980842,-10.02543154959399,2024
2024-06-20,64950.82,66462.52,64527.9,64847.89,64847.89,1473091625.51,-37.0368753662954,-31.86126204874237,-4.705365124447381,-10.982793734692065,-8.301704188062242,2024
2024-06-21,64847.89,65018.39,63350.87,64119.34,64119.34,1427909531.59,-41.69828110236586,-36.10082569864653,-5.13871477778779,-10.559356974042455,-7.941114178654985,2024
2024-06-22,64119.34,64500.0,63924.68,64250.18,64250.18,358155105.44,-44.19812000102857,-39.47336308354211,-4.077934100729374,-9.86222917974704,-4.792795911233238,2024
2024-06-23,64250.18,64504.84,63154.88,63181.02,63181.02,416250575.81,-47.24866100542086,-42.54548436877768,-4.521484458465519,-6.251814231552444,-4.421786796097937,2024
2024-06-24,63181.02,63335.53,58443.98,60270.95,60270.95,2938115761.51,-55.232056403278435,-47.09427962802344,1.0524970985192894,0.9089287625298814,6.332818712829336,2024
2024-06-25,60270.95,62385.37,60232.04,61796.56,61796.56,1946492862.08,-57.73101790237881,-51.10246382802668,1.4391092319701926,4.804458371145581,3.8581597422251424,2024
2024-06-26,61796.56,62471.55,60684.69,60824.43,60824.43,1436803387.64,-58.9119872435675,-54.78093063866141,3.315838718094022,7.008992932609481,5.655934630213544,2024
2024-06-27,60824.43,62341.3,60562.27,61630.1,61630.1,1385461549.94,-58.546168200408786,-57.60530743740839,0.672366262589219,4.002167771916643,1.9798280385720624,2024
2024-06-28,61630.1,62168.03,59907.92,60324.3,60324.3,1481619028.88,-59.17119037513223,-58.59009093037184,-0.2770027998667324,6.062449129123748,-1.4630422566030643,2024
2024-06-29,60324.3,61129.31,60294.22,60905.3,60905.3,560710968.57,-58.89325203381658,-58.88064946323128,-6.344587416858638,9.528218398070454,-3.0568768235276766,2024
2024-06-30,60905.3,62949.76,60637.5,62685.88,62685.88,778765578.43,-54.30032722183165,-57.72773445779732,-9.634769424948653,7.143522592328622,-5.289915368500853,2024
2024-07-01,62685.88,63800.98,62462.2,62841.27,62841.27,1623104957.15,-46.65827161529164,-54.75576031151803,-7.297147240977142,8.490773658775508,-5.907296272019957,2024
2024-07-02,62841.27,63219.74,61453.08,62044.48,62044.48,1278702453.96,-43.20076045902212,-50.763152832490505,-9.95717910763375,8.902048981633826,-4.924386504649581,2024
2024-07-03,62044.48,62198.73,59373.07,60157.2,60157.2,1653064013.62,-46.68735962170722,-47.71167972946317,-5.73071884994647,9.612531833263516,-4.727214697492565,2024
2024-07-04,60157.2,60428.43,56728.63,57041.11,57041.11,2342236881.51,-54.93092412131095,-47.86932895433299,1.7637980747569504,14.611251429013205,3.693283668568159,2024
2024-07-05,57041.11,57494.97,53528.09,56646.24,56646.24,3198812323.21,-62.747868549330086,-51.8917281878426,1.9057575577831942,16.148927095602474,1.4751199726583675,2024
2024-07-06,56646.24,58495.08,56035.03,58255.65,58255.65,1072779742.28,-63.43294699669922,-56.94977482226187,-1.5567588723153891,16.598424358839004,-0.480863229575168,2024
2024-07-07,58255.65,58452.39,55734.13,55866.6,55866.6,1053256457.42,-64.73934695043495,-61.462771654443806,3.6642287162633957,21.54766891129942,0.53842546351488,2024
2024-07-08,55866.6,58166.93,54305.08,56709.76,56709.76,2441024283.07,-65.21933224456191,-64.03487368525654,4.44597191030256,20.354503351804,-4.858828533218973,2024
2024-07-09,56709.76,58289.53,56296.1,58047.2,58047.2,1692558128.7,-62.25379876972229,-63.9113562403546,4.774683361126808,15.049097975440674,-6.683147507545584,2024
2024-07-10,58047.2,59463.57,57165.19,57725.78,57725.78,1631984559.89,-57.784534330410494,-62.49925307378242,12.195192511907171,14.645553511793153,-4.930985774466789,2024
2024-07-11,57725.78,59494.11,57072.63,57348.75,57348.75,1729366992.27,-54.15785878129517,-59.85388103149747,13.494383051069114,12.675219599380982,-0.5099326489243494,2024
2024-07-12,57348.75,58543.78,56554.34,57913.68,57913.68,1567843358.24,-51.87700916417519,-56.518300261400796,10.676164940649603,12.75437858550863,-0.46836947677992846,2024
2024-07-13,57913.68,59866.89,57784.15,59231.06,59231.06,819172857.7,-44.115788396333905,-51.9837976680537,8.020065823572974,3.699477942822571,-3.16859093860552,2024
2024-07-14,59231.06,61424.95,59222.6,60818.77,60818.77,1207899406.9,-31.87443925364293,-45.50627389886181,9.684049841849829,-0.22935353674531367,-4.403508982506543,2024
2024-08-06,54031.82,57077.92,53987.77,56057.67,56057.67,2473716223.17,-34.64572327635809,-21.78680251673433,4.758189200514407,12.11716434165031,10.705974757780702,2024
2024-08-07,56057.67,57753.96,54580.16,55130.45,55130.45,2232435439.52,-37.8307112774916,-29.708567680940654,7.673508922927352,7.820142951853293,13.951110502453744,2024
2024-08-08,55130.45,62717.23,54751.57,61708.53,61708.53,2834182014.44,-34.46059973900471,-34.060393532663426,-1.7806290313510886,-4.318738430489266,0.8123836364275716,2024
2024-09-06,56167.4,57004.28,52552.05,53954.33,53954.33,3807917186.59,-34.90486030044266,-24.59456981040838,6.301514632838545,20.812694736455818,28.586695451504983,2024
2024-09-07,53954.33,54852.05,53742.58,54167.82,54167.82,925092003.79,-40.34430756759124,-30.714062050122802,7.334225375878156,21.456392374660815,39.646694291924625,2024
2024-09-08,54167.82,55321.44,53631.93,54879.33,54879.33,1042880564.27,-42.84356003210391,-36.15019039334656,10.329553950458227,20.02455204901372,38.34427278904462,2024
2024-09-09,54879.33,58005.33,54591.28,57056.31,57056.31,2385673385.77,-39.44319522943357,-39.383980782392854,5.18251180281375,14.995133754706536,34.187279198391906,2024
2024-09-10,57056.31,58050.66,56397.36,57642.43,57642.43,1908344975.36,-33.651562329128176,-39.070656289564226,2.5966636035295476,9.840633019808486,33.09017333238729,2024
2025-02-09,96475.59,97340.86,94752.27,96485.6,96485.6,1791686347.07,-32.74034653883575,-27.77994073585466,1.0603758488313186,-10.815106088369664,-17.547323123865112,2025
2025-02-10,96485.6,98363.35,95276.7,97458.59,97458.59,2731410651.57,-32.803192580593524,-30.25211001494639,0.1412086918146649,-3.265828081444644,-14.43955838064146,2025
2025-02-11,97458.59,98499.44,94852.37,95781.05,95781.05,2800036234.45,-34.21748293302561,-32.381520234294065,0.3671289884585649,-10.04593288547161,-10.971825846553163,2025
2025-02-12,95781.05,98127.45,94087.33,97874.61,97874.61,3853980407.7,-34.15159390136525,-33.478153988455034,-2.1295614868861334,-10.849790359317913,-14.450826419640395,2025
2025-02-13,97874.61,98104.11,95225.08,96632.78,96632.78,2236344585.75,-33.96616829823328,-33.78460942830442,-1.0370290495626877,-6.231819057673804,-12.477163546365944,2025
2025-02-14,96632.78,98869.28,96282.72,97508.71,97508.71,1966704817.61,-30.16005240761318,-33.123824385059336,-0.8898897339529976,-7.770382768882911,-14.224924111907544,2025
2025-02-17,96132.69,97046.2,95226.61,95790.31,95790.31,1398128550.67,-31.941777986626494,-29.170000173270736,0.824874666341513,-15.733595600640605,-11.828284092618546,2025
2025-02-18,95790.31,96736.69,93361.47,95630.67,95630.67,2502902525.93,-37.3920337578114,-30.97799551082029,0.6728489929015424,-17.848928591632795,-11.052029646974137,2025
2025-02-19,95630.67,96885.35,95032.61,96640.99,96640.99,1637124692.48,-36.80185880173477,-33.5613772165379,-5.28142354501957,-14.198447263423109,-11.872653622443242,2025
2025-02-24,96274.12,96514.26,91349.77,91536.97,91536.97,2945422583.03,-41.76050526026812,-30.16910805731559,-5.993632955078154,-9.793420079340631,3.4677464198345165,2025
2025-02-25,91536.97,92540.35,85944.14,88609.26,88609.26,6473414678.86,-55.913701130365766,-37.88926987587264,6.394929830132878,-5.173432212389539,6.832694461052946,2025
2025-02-26,88609.26,89320.19,82199.13,84128.38,84128.38,5069737664.07,-66.6059491874354,-48.14874309449043,2.4136563666149247,-1.6779593283503091,11.469447052231363,2025
2025-02-27,84128.38,87008.08,82601.58,84657.34,84657.34,3929681159.63,-71.67995823894725,-58.99002845425413,3.068936491508012,2.6237063437145602,12.258499971768554,2025
2025-02-28,84657.34,85114.25,78203.72,84322.57,84322.57,6502539275.13,-75.39861913881045,-67.39955692388972,7.457350979696176,-0.17108112335760817,11.801810594719765,2025
2025-03-01,84322.57,86537.62,83798.96,86050.58,86050.58,1577375765.18,-73.74661452220869,-71.85778527185045,4.510521602527251,-2.312709571510163,9.454392986078641,2025
2025-03-02,86050.58,95106.04,85047.82,94275.76,94275.76,4350642164.47,-63.90908079945242,-71.1835681748547,-7.965090920508089,-11.072167437313684,2.379773973712873,2025
2025-03-03,94275.76,94415.65,85071.66,86158.95,86158.95,5844734403.0,-59.567014040380236,-68.15533212521295,0.07666063711315729,-0.07808823111238317,12.49564903007756,2025
2025-03-04,86158.95,88941.97,81449.43,87255.42,87255.42,5671376306.72,-59.546253974428076,-64.19224083411736,-7.4910761990487185,0.30377482567844893,9.910811271093522,2025
2025-03-05,87255.42,91001.98,86341.87,90610.8,90610.8,3457722668.91,-53.00849314899858,-59.00771049081484,-13.29773051336045,-3.499693193305886,4.175319056889459,2025
2025-03-06,90610.8,92808.83,87818.33,89931.91,89931.91,3512025157.48,-45.36890384906646,-54.37266625321834,-7.797499241370498,-3.3447082353749713,5.377446114510409,2025
2025-03-07,89931.91,91275.25,84649.25,86766.61,86766.61,6196139350.73,-44.650372139152516,-50.643505777911415,-3.57449714815411,0.521260424949177,11.604994133111802,2025
2025-03-08,86766.61,86860.89,85206.97,86225.0,86225.0,910862167.44,-46.68913679485007,-47.42922648301691,-5.965288489417231,-2.1316207596404846,12.55699623079154,2025
2025-03-09,86225.0,86509.85,80006.76,80719.05,80719.05,1952362587.51,-53.384353545298794,-47.52319158209197,4.059041824699361,2.3620198701545636,27.923953515310206,2025
2025-03-10,80719.05,84037.25,77420.92,78561.62,78561.62,4414695361.63,-59.52220782519926,-51.06151757612516,7.375484365011831,4.8597393994675775,31.084745961195814,2025
2025-03-11,78561.62,83608.26,76581.52,82919.47,82919.47,3744822903.84,-61.24508847422788,-55.210196659894,-0.4185989128970613,-0.4582156639447832,26.404667082411404,2025
2025-03-12,82919.47,84410.29,80596.11,83665.14,83665.14,2750448405.11,-59.106923257945795,-58.31464327566793,0.43026283109068864,1.804598665585222,24.453290821003826,2025
2025-03-13,83665.14,84307.29,79915.4,81081.43,81081.43,2112762232.49,-58.54822553090603,-59.605611272069744,2.016873654053719,1.7379441877135138,26.78913038410893,2025
2025-03-14,81081.43,85315.9,80787.81,83995.47,83995.47,2317052000.16,-54.6994175143196,-58.39991369434983,3.43236367389812,-0.9960894319657965,23.97881695286661,2025
2025-03-15,83995.47,84688.82,83628.73,84355.92,84355.92,512466916.19,-49.15787068824224,-55.37810924785342,-0.21054835274157968,-0.5876410333738202,22.746287397493848,2025
2025-03-16,84355.92,85083.1,81992.19,82572.37,82572.37,1094031604.62,-46.86624713879441,-52.31794021806557,1.8021887951139126,1.1274957955064169,25.692940628929506,2025
2025-03-17,82572.37,84760.98,82442.95,84025.12,84025.12,1667911609.42,-43.04660965697491,-48.44253624958279,-0.22342128163577168,-6.735545275032029,23.17697374309018,2025
2025-03-18,84025.12,84039.3,81137.39,82716.74,82716.74,1721702159.89,-43.36192331108458,-45.60816269877404,4.080105187897876,-4.320383032503461,24.713957537494835,2025
2025-03-19,82716.74,87036.45,82562.03,86878.5,86878.5,2600942940.47,-33.05955775610385,-41.583584465739435,0.7389400139274915,-12.22788146664594,22.571890628866754,2025
2025-04-06,83503.37,83756.1,77079.93,78365.57,78365.57,2374631982.2,-33.23584057636246,-22.235047881337366,6.4064231268910365,20.79751349986989,29.624030042785353,2025
2025-04-07,78365.57,81172.27,74426.93,79143.06,79143.06,5546499783.12,-43.29980982514907,-28.825700442687534,7.74427978903014,18.49104646699282,31.903593315699432,2025
2025-04-08,79143.06,80835.83,76181.24,76255.1,76255.1,3084760820.88,-49.56518788242155,-36.55626710917568,9.803698375584059,24.627808500677318,38.51562715149544,2025
2025-04-09,76255.1,83574.06,74569.86,82587.03,82587.03,4963132858.37,-48.02005323564026,-43.53022287989334,2.4080294448171946,14.151289857499428,28.082194020053763,2025
2025-04-10,82587.03,82710.13,78405.82,79554.96,79554.96,2526317821.03,-46.42633082532498,-46.82784544213397,5.132564958866159,18.391285722474105,38.64895413183538,2025
2025-04-11,79554.96,84266.51,78924.27,83386.0,83386.0,2412186958.4,-38.55634374906163,-45.641978923112106,0.7715923536324887,15.750017988631182,32.27184419446909,2025
2025-06-22,102165.68,103430.09,98264.46,101015.42,101015.42,3086806069.73,-34.69845912864048,-21.89880933611417,6.02852514992267,16.287354940463562,11.361057549431553,2025
2025-06-23,101015.42,106134.09,99685.07,105423.73,105423.73,3606601777.41,-32.77622458755706,-27.422877758622317,1.8237924232049174,12.998904516089516,10.895137176421276,2025
2025-08-25,113486.67,113648.57,109292.22,110150.15,110150.15,3708998747.39,-32.66810000728723,-23.159316339283176,-1.1952956941048143,4.722390300875667,,2025
2025-08-26,110150.15,112407.53,108701.29,111805.93,111805.93,2999152225.36,-38.12175071594163,-28.02363781043359,-3.159233146220408,3.2155092310399036,,2025
2025-08-27,111805.93,112669.11,110381.63,111276.98,111276.98,2440706983.66,-40.4896318649041,-33.75459165968013,-1.8159191595602198,4.9977362793274915,,2025
2025-08-28,111276.98,113487.65,110887.39,112582.21,112582.21,1898278605.83,-39.807739965722355,-37.77180563846383,-1.1869282011785054,3.469429139825908,,2025
2025-08-29,112582.21,112646.73,107512.41,108393.15,108393.15,3185827654.7,-45.0243480834459,-40.8608676575035,3.098313869464997,8.05706818189158,,2025
2025-08-30,108393.15,108937.23,107381.29,108833.53,108833.53,1049906247.96,-49.816460953480956,-43.78454521688833,1.744682911599038,6.310959499338109,,2025
2025-08-31,108833.53,109510.25,108095.95,108273.72,108273.72,990157824.59,-51.90479243980113,-46.638335360612594,2.219624485055105,6.910587352129394,,2025
2025-09-01,108273.72,109913.29,107271.39,109256.28,109256.28,2365084072.12,-52.37254121433593,-49.77953567276599,0.8913721023633636,5.531535578549818,,2025
2025-09-02,109256.28,111796.23,108420.77,111245.94,111245.94,2993969175.78,-48.39016211178947,-50.620989179851875,-0.09231797582904822,1.3500807310361296,,2025
2025-09-03,111245.94,112601.73,110556.54,111751.51,111751.51,2132239039.57,-41.393556285731684,-48.51526301291456,0.30205408410142187,0.2614282348399666,,2025
2025-09-04,111751.51,112225.93,109345.22,110732.33,110732.33,2162838407.83,-38.09072969001536,-45.06174732546812,0.7376436493298666,2.3736157272225666,,2025
2025-09-05,110732.33,113400.39,110217.27,110676.99,110676.99,3163045481.16,-32.42270173056205,-40.074287454524644,2.9917781464783078,-1.459996337088676,,2025
2025-09-06,110676.99,111320.3,110019.89,110230.16,110230.16,734143439.06,-31.53995726679661,-35.86173624327643,4.815088719820415,-0.459239104796727,,2025
