date,whale_holdings_change
2020-11-01,0.0096044303797468
2020-11-02,0.012025316455696168
2020-11-03,0.0170358649789029
2020-11-04,0.020263713080168735
2020-11-05,0.020801687763713037
2020-11-06,0.0195358649789029
2020-11-07,0.018438818565400767
2020-11-08,0.0194198312236286
2020-11-09,0.0205221518987341
2020-11-10,0.021756329113924
2020-11-11,0.0219778481012658
2020-11-12,0.021677215189873405
2020-11-13,0.020601265822784768
2020-11-14,0.018713080168776302
2020-11-15,0.015791139240506267
2020-11-16,0.012890295358649733
2020-11-17,0.008660337552742568
2020-11-18,0.004704641350210901
2020-11-19,0.00022151898734173452
2020-11-20,-0.002710970464134999
2020-11-21,-0.004324894514767866
2020-11-22,-0.005063291139240432
2020-11-23,-0.005126582278480966
2020-11-24,-0.004746835443037932
2020-11-25,-0.004883966244725699
2020-11-26,-0.006677215189873365
2020-11-27,-0.009272151898734133
2020-11-28,-0.011265822784810099
2020-11-29,-0.012331223628691967
2020-11-30,-0.013185654008438798
2020-12-01,-0.013744725738396598
2020-12-02,-0.013945147679324865
2020-12-03,-0.014156118143459864
2020-12-04,-0.01379746835443033
2020-12-05,-0.011698312236286866
2020-12-06,-0.009388185654008398
2020-12-07,-0.007531645569620199
2020-12-08,-0.007805907172995732
2020-12-09,-0.008322784810126532
2020-12-10,-0.009462025316455631
2020-12-11,-0.0119725738396624
2020-12-12,-0.015527426160337499
2020-12-13,-0.01867088607594933
2020-12-14,-0.019219409282700366
2020-12-15,-0.01832278481012653
2020-12-16,-0.0170569620253164
2020-12-17,-0.016097046413502066
2020-12-18,-0.014535864978902899
2020-12-19,-0.013428270042194032
2020-12-20,-0.012900843881856465
2020-12-21,-0.013396624472573766
2020-12-22,-0.014430379746835365
2020-12-23,-0.015179324894514698
2020-12-24,-0.015907172995780528
2020-12-25,-0.0160443037974683
2020-12-26,-0.016128691983122296
2020-12-27,-0.015253164556961967
2020-12-28,-0.01427215189873413
2020-12-29,-0.013291139240506298
2020-12-30,-0.011772151898734132
2020-12-31,-0.010443037974683498
2021-01-01,-0.009018987341772098
2021-01-02,-0.008718354430379696
2021-01-03,-0.007958860759493598
2021-01-04,-0.008127637130801597
2021-01-05,-0.009166666666666597
2021-01-06,-0.010348101265822732
2021-01-07,-0.010369198312236266
2021-01-08,-0.009504219409282665
2021-01-09,-0.008839662447257332
2021-01-10,-0.008175105485231997
2021-01-11,-0.007985232067510464
2021-01-12,-0.00834388185654003
2021-01-13,-0.009588607594936663
2021-01-14,-0.011297468354430365
2021-01-15,-0.012426160337552733
2021-01-16,-0.012004219409282696
2021-01-17,-0.010432489451476767
2021-01-18,-0.00864978902953583
2021-01-19,-0.007995780590717266
2021-01-20,-0.008059071729957764
2021-01-21,-0.008296413502109664
2021-01-22,-0.008338607594936664
2021-01-23,-0.007410337552742598
2021-01-24,-0.006782700421940898
2021-01-25,-0.006234177215189832
2021-01-26,-0.00629746835443033
2021-01-27,-0.006729957805907131
2021-01-28,-0.008291139240506297
2021-01-29,-0.01005274261603373
2021-01-30,-0.00996308016877633
2021-01-31,-0.00748417721518983
2021-02-01,-0.003306962025316431
2021-02-02,-0.0008755274261603311
2021-02-03,-0.0012025316455695977
2021-02-04,-0.0044831223628691306
2021-02-05,-0.0070991561181433975
2021-02-06,-0.007921940928269998
2021-02-07,-0.008048523206751031
2021-02-08,-0.008375527426160297
2021-02-09,-0.009018987341772098
2021-02-10,-0.009061181434599096
2021-02-11,-0.009135021097046364
2021-02-12,-0.010042194092826964
2021-02-13,-0.010991561181434564
2021-02-14,-0.012035864978902897
2021-02-15,-0.012204641350210897
2021-02-16,-0.015116033755274197
2021-02-17,-0.017927215189873363
2021-02-18,-0.02080696202531643
2021-02-19,-0.021366033755274228
2021-02-20,-0.021972573839662432
2021-02-21,-0.02078059071729953
2021-02-22,-0.017510548523206697
2021-02-23,-0.014356540084388131
2021-02-24,-0.014641350210970433
2021-02-25,-0.016582278481012635
2021-02-26,-0.018001054852320633
2021-02-27,-0.0174208860759493
2021-02-28,-0.0175685654008438
2021-03-01,-0.018016877637130734
2021-03-02,-0.01819620253164553
2021-03-03,-0.017352320675105466
2021-03-04,-0.016191983122362832
2021-03-05,-0.015991561181434567
2021-03-06,-0.015886075949367032
2021-03-07,-0.016086497890295298
2021-03-08,-0.015886075949367
2021-03-09,-0.015759493670886
2021-03-10,-0.016635021097046333
2021-03-11,-0.01756329113924043
2021-03-12,-0.01861814345991553
2021-03-13,-0.017362869198312165
2021-03-14,-0.014978902953586429
2021-03-15,-0.009630801687763665
2021-03-16,-0.0052109704641349975
2021-03-17,-0.0014873417721518645
2021-03-18,0.00043248945147680227
2021-03-19,0.0021940928270042024
2021-03-20,0.003459915611814269
2021-03-21,0.0035970464135020356
2021-03-22,0.004609704641350136
2021-03-23,0.006497890295358602
2021-03-24,0.008702531645569568
2021-03-25,0.010105485232067469
2021-03-26,0.010870253164556901
2021-03-27,0.011408227848101202
2021-03-28,0.011703586497890236
2021-03-29,0.011424050632911338
2021-03-30,0.010706751054852269
2021-03-31,0.008544303797468303
2021-04-01,0.007647679324894469
2021-04-02,0.007067510548523168
2021-04-03,0.0068354430379746365
2021-04-04,0.005722573839662403
2021-04-05,0.004541139240506269
2021-04-06,0.005237341772151835
2021-04-07,0.006592827004219336
2021-04-08,0.008481012658227802
2021-04-09,0.00997890295358647
2021-04-10,0.012204641350210937
2021-04-11,0.01717299578059067
2021-04-12,0.021698312236286873
2021-04-13,0.024229957805907133
2021-04-14,0.022879746835443002
2021-04-15,0.021276371308016837
2021-04-16,0.021149789029535803
2021-04-17,0.022394514767932434
2021-04-18,0.0239135021097046
2021-04-19,0.0243670886075949
2021-04-20,0.023438818565400806
2021-04-21,0.0224683544303797
2021-04-22,0.021460970464135004
2021-04-23,0.020838607594936668
2021-04-24,0.0202900843881856
2021-04-25,0.01988396624472567
2021-04-26,0.019789029535864935
2021-04-27,0.018670886075949338
2021-04-28,0.01696202531645567
2021-04-29,0.014978902953586469
2021-04-30,0.010232067510548502
2021-05-01,0.006213080168776336
2021-05-02,0.0024367088607594356
2021-05-03,0.001054852320675069
2021-05-04,-0.0012341772151898643
2021-05-05,-0.0035654008438817976
2021-05-06,-0.0037236286919830643
2021-05-07,-0.0018354430379746642
2021-05-08,0.0008966244725738356
2021-05-09,0.003270042194092803
2021-05-10,0.004583333333333303
2021-05-11,0.005174050632911336
2021-05-12,0.004889240506329036
2021-05-13,0.001529535864978869
2021-05-14,-0.0032383966244725645
2021-05-15,-0.007605485232067465
2021-05-16,-0.008259493670886032
2021-05-17,-0.007405063291139197
2021-05-18,-0.00677215189873413
2021-05-19,-0.006608649789029498
2021-05-20,-0.0063765822784809635
2021-05-21,-0.004435654008438764
2021-05-22,-0.0047151898734176636
2021-05-23,-0.0063607594936708305
2021-05-24,-0.01065400843881853
2021-05-25,-0.013660337552742563
2021-05-26,-0.015717299578059032
2021-05-27,-0.016603375527426096
2021-05-28,-0.016666666666666597
2021-05-29,-0.01626054852320666
2021-05-30,-0.015585443037974595
2021-05-31,-0.012790084388185597
2021-06-01,-0.009567510548523164
2021-06-02,-0.0070991561181434305
2021-06-03,-0.00683544303797463
2021-06-04,-0.006286919831223563
2021-06-05,-0.003765822784810097
2021-06-06,-0.00022151898734179654
2021-06-07,0.0023997890295358033
2021-06-08,0.0035917721518986703
2021-06-09,0.0039820675105484695
2021-06-10,0.004546413502109637
2021-06-11,0.005116033755274203
2021-06-12,0.005432489451476737
2021-06-13,0.0042405063291138705
2021-06-14,0.003280590717299503
2021-06-15,0.002320675105485137
2021-06-16,0.0023734177215189033
2021-06-17,0.0018670886075948703
2021-06-18,0.0011497890295358367
2021-06-19,0.0018670886075949035
2021-06-20,0.0028375527426160035
2021-06-21,0.00376582278481007
2021-06-22,0.00318565400843877
2021-06-23,0.0028797468354430037
2021-06-24,0.0008016877637130703
2021-06-25,-0.0010706751054852298
2021-06-26,-0.003338607594936696
2021-06-27,0.0013765822784810036
2021-06-28,0.006065400843881837
2021-06-29,0.00948312236286917
2021-06-30,0.009324894514767904
2021-07-01,0.009303797468354405
2021-07-02,0.009229957805907137
2021-07-03,0.00605485232067507
2021-07-04,0.0027215189873417366
2021-07-05,0.0006645569620252701
2021-07-06,0.00016877637130800348
2021-07-07,0.0015717299578058702
2021-07-08,0.0031434599156117704
2021-07-09,0.004546413502109637
2021-07-10,0.002056962025316437
2021-07-11,-0.002289029535864963
2021-07-12,-0.005949367088607563
2021-07-13,-0.008528481012658197
2021-07-14,-0.010332278481012631
2021-07-15,-0.01444620253164553
2021-07-16,-0.017478902953586464
2021-07-17,-0.019504219409282663
2021-07-18,-0.019588607594936663
2021-07-19,-0.01886075949367083
2021-07-20,-0.017700421940928197
2021-07-21,-0.016497890295358596
2021-07-22,-0.016207805907172964
2021-07-23,-0.016376582278481
2021-07-24,-0.01779008438818563
2021-07-25,-0.020348101265822763
2021-07-26,-0.023143459915611796
2021-07-27,-0.024715189873417698
2021-07-28,-0.023206751054852297
2021-07-29,-0.02056962025316453
2021-07-30,-0.0182489451476793
2021-07-31,-0.017652953586497832
2021-08-01,-0.017737341772151832
2021-08-02,-0.016503164556961967
2021-08-03,-0.01425105485232063
2021-08-04,-0.011993670886075896
2021-08-05,-0.011592827004219363
2021-08-06,-0.012320675105485195
2021-08-07,-0.01147679324894513
2021-08-08,-0.009493670886075929
2021-08-09,-0.007426160337552696
2021-08-10,-0.0070464135021096296
2021-08-11,-0.0069620253164556
2021-08-12,-0.0065611814345990635
2021-08-13,-0.005801687763712996
2021-08-14,-0.005200421940928197
2021-08-15,-0.004989451476793197
2021-08-16,-0.00513713080168773
2021-08-17,-0.005780590717299562
2021-08-18,-0.007109704641350197
2021-08-19,-0.00843881856540083
2021-08-20,-0.0091139240506329
2021-08-21,-0.00806962025316453
2021-08-22,-0.00608649789029533
2021-08-23,-0.004820675105485196
2021-08-24,-0.004725738396624429
2021-08-25,-0.00573839662447253
2021-08-26,-0.006054852320675063
2021-08-27,-0.006550632911392362
2021-08-28,-0.007215189873417662
2021-08-29,-0.008196202531645496
2021-08-30,-0.009103375527426098
2021-08-31,-0.009789029535864928
2021-09-01,-0.01080168776371303
2021-09-02,-0.011582278481012597
2021-09-03,-0.011139240506329029
2021-09-04,-0.01006329113924043
2021-09-05,-0.009767932489451398
2021-09-06,-0.011144514767932429
2021-09-07,-0.013053797468354363
2021-09-08,-0.014404008438818497
2021-09-09,-0.015179324894514698
2021-09-10,-0.015622362869198264
2021-09-11,-0.015970464135021064
2021-09-12,-0.016329113924050596
2021-09-13,-0.015274261603375465
2021-09-14,-0.014135021097046363
2021-09-15,-0.013164556962025264
2021-09-16,-0.01354430379746833
2021-09-17,-0.01364978902953583
2021-09-18,-0.012742616033755231
2021-09-19,-0.011508438818565331
2021-09-20,-0.010727848101265763
2021-09-21,-0.010791139240506295
2021-09-22,-0.011160337552742596
2021-09-23,-0.011835443037974664
2021-09-24,-0.012457805907172964
2021-09-25,-0.012879746835442997
2021-09-26,-0.012405063291139197
2021-09-27,-0.012267932489451428
2021-09-28,-0.01218354430379743
2021-09-29,-0.011930379746835397
2021-09-30,-0.011582278481012597
2021-10-01,-0.011286919831223563
2021-10-02,-0.011276371308016795
2021-10-03,-0.011149789029535798
2021-10-04,-0.011044303797468298
2021-10-05,-0.011740506329113864
2021-10-06,-0.012668776371307963
2021-10-07,-0.013016877637130731
2021-10-08,-0.012415611814345931
2021-10-09,-0.01150843881856533
2021-10-10,-0.009156118143459862
2021-10-11,-0.0058755274261602965
2021-10-12,-0.00178270042194093
2021-10-13,0.00045886075949363677
2021-10-14,0.0014715189873417032
2021-10-15,0.0021677215189872703
2021-10-16,0.0025105485232067037
2021-10-17,0.0005590717299578033
2021-10-18,-0.0025105485232066968
2021-10-19,-0.005327004219409198
2021-10-20,-0.005611814345991496
2021-10-21,-0.003966244725738363
2021-10-22,-0.0018248945147679631
2021-10-23,0.00047468354430373684
2021-10-24,0.00027426160337547007
2021-10-25,-0.0019831223628691964
2021-10-26,-0.004905063291139196
2021-10-27,-0.006191983122362796
2021-10-28,-0.006951476793248898
2021-10-29,-0.0075421940928269635
2021-10-30,-0.007383966244725731
2021-10-31,-0.005733122362869165
2021-11-01,-0.0036234177215189304
2021-11-02,-0.0003111814345991305
2021-11-03,0.004029535864978903
2021-11-04,0.007985232067510504
2021-11-05,0.01002109704641347
2021-11-06,0.01118143459915607
2021-11-07,0.012331223628691936
2021-11-08,0.01165611814345987
2021-11-09,0.010780590717299537
2021-11-10,0.01025316455696197
2021-11-11,0.01135021097046407
2021-11-12,0.012594936708860702
2021-11-13,0.013438818565400803
2021-11-14,0.012953586497890269
2021-11-15,0.011919831223628637
2021-11-16,0.010390295358649737
2021-11-17,0.008976793248945103
2021-11-18,0.007447257383966202
2021-11-19,0.006297468354430336
2021-11-20,0.004377637130801636
2021-11-21,0.0007911392405063363
2021-11-22,-0.0035970464135020638
2021-11-23,-0.00713080168776363
2021-11-24,-0.009324894514767864
2021-11-25,-0.010559071729957731
2021-11-26,-0.010369198312236231
2021-11-27,-0.009546413502109665
2021-11-28,-0.008575949367088597
2021-11-29,-0.00839662447257383
2021-11-30,-0.009050632911392397
2021-12-01,-0.00990506329113923
2021-12-02,-0.00959915611814343
2021-12-03,-0.00860759493670883
2021-12-04,-0.006983122362869164
2021-12-05,-0.005390295358649763
2021-12-06,-0.0036550632911391966
2021-12-07,-0.002357594936708797
2021-12-08,-0.002389240506329064
2021-12-09,-0.0019725738396623974
2021-12-10,-0.001508438818565364
2021-12-11,4.2194092827036235e-05
2021-12-12,0.0014873417721519028
2021-12-13,0.0037341772151898364
2021-12-14,0.005316455696202469
2021-12-15,0.006118143459915537
2021-12-16,0.005632911392405003
2021-12-17,0.005875527426160303
2021-12-18,0.006645569620253137
2021-12-19,0.00808016877637127
2021-12-20,0.008786919831223568
2021-12-21,0.008892405063291068
2021-12-22,0.008586497890295303
2021-12-23,0.007837552742615968
2021-12-24,0.006729957805907103
2021-12-25,0.005553797468354336
2021-12-26,0.004762658227848036
2021-12-27,0.005237341772151838
2021-12-28,0.00577004219409277
2021-12-29,0.006972573839662369
2021-12-30,0.007584388185653937
2021-12-31,0.007805907172995703
2022-01-01,0.006213080168776302
2022-01-02,0.005400843881856469
2022-01-03,0.004989451476793202
2022-01-04,0.005791139240506268
2022-01-05,0.005770042194092769
2022-01-06,0.005284810126582201
2022-01-07,0.0046518987341771355
2022-01-08,0.004103375527426102
2022-01-09,0.004462025316455636
2022-01-10,0.004957805907172936
2022-01-11,0.005221518987341702
2022-01-12,0.005221518987341703
2022-01-13,0.0054113924050632365
2022-01-14,0.00663502109704637
2022-01-15,0.007637130801687736
2022-01-16,0.008185654008438804
2022-01-17,0.007162447257383936
2022-01-18,0.006181434599156103
2022-01-19,0.005200421940928236
2022-01-20,0.004641350210970436
2022-01-21,0.0035864978902953033
2022-01-22,0.002310126582278436
2022-01-23,0.0012658227848100696
2022-01-24,0.0003691983122362695
2022-01-25,5.274261603375398e-05
2022-01-26,-0.0011708860759493459
2022-01-27,-0.003248945147679313
2022-01-28,-0.00540084388185653
2022-01-29,-0.005949367088607564
2022-01-30,-0.005617088607594897
2022-01-31,-0.005617088607594897
2022-02-01,-0.006777426160337531
2022-02-02,-0.007837552742615996
2022-02-03,-0.008565400843881797
2022-02-04,-0.008818565400843798
2022-02-05,-0.008860759493670796
2022-02-06,-0.008217299578058997
2022-02-07,-0.007267932489451431
2022-02-08,-0.0049736286919830975
2022-02-09,-0.0020411392405063305
2022-02-10,0.0022415611814345696
2022-02-11,0.005833333333333269
2022-02-12,0.009187763713080102
2022-02-13,0.012405063291139167
2022-02-14,0.014989451476793168
2022-02-15,0.016128691983122303
2022-02-16,0.014905063291139204
2022-02-17,0.013570675105485203
2022-02-18,0.012484177215189837
2022-02-19,0.01280063291139237
2022-02-20,0.014240506329113903
2022-02-21,0.016033755274261572
2022-02-22,0.017405063291139205
2022-02-23,0.017732067510548472
2022-02-24,0.017573839662447202
2022-02-25,0.017341772151898673
2022-02-26,0.01689345991561177
2022-02-27,0.016439873417721473
2022-02-28,0.014720464135021039
2022-03-01,0.012278481012658169
2022-03-02,0.009145569620253103
2022-03-03,0.006381856540084337
2022-03-04,0.0037763713080168036
2022-03-05,0.00225738396624467
2022-03-06,0.00171940928270037
2022-03-07,0.00202531645569617
2022-03-08,0.002099156118143437
2022-03-09,0.0020253164556961706
2022-03-10,0.00152953586497887
2022-03-11,0.0003375527426160035
2022-03-12,-0.0005907172995780299
2022-03-13,-0.0014451476793248298
2022-03-14,-0.0022046413502108965
2022-03-15,-0.00328059071729953
2022-03-16,-0.004335443037974663
2022-03-17,-0.0047257383966244635
2022-03-18,-0.005
2022-03-19,-0.00488396624472573
2022-03-20,-0.0037974683544303636
2022-03-21,-0.0022468354430379297
2022-03-22,0.0001054852320675367
2022-03-23,0.00154008438818567
2022-03-24,0.0022468354430379366
2022-03-25,0.0018037974683544034
2022-03-26,0.0012816455696202033
2022-03-27,0.0009968354430379368
2022-03-28,0.0009335443037974035
2022-03-29,0.0008122362869197701
2022-03-30,0.00018987341772150345
2022-03-31,-0.00033755274261599655
2022-04-01,-0.0005590717299577521
2022-04-02,-0.00014767932489451877
2022-04-03,-0.0006223628691983188
2022-04-04,-0.0016139240506328964
2022-04-05,-0.003006329113923996
2022-04-06,-0.004082278481012596
2022-04-07,-0.004862869198312163
2022-04-08,-0.005052742616033663
2022-04-09,-0.004715189873417631
2022-04-10,-0.004567510548523129
2022-04-11,-0.00502109704641343
2022-04-12,-0.006012658227848029
2022-04-13,-0.006909282700421863
2022-04-14,-0.007594936708860696
2022-04-15,-0.00778481012658223
2022-04-16,-0.007879746835443
2022-04-17,-0.007900843881856495
2022-04-18,-0.007921940928269996
2022-04-19,-0.00767932489451473
2022-04-20,-0.007267932489451429
2022-04-21,-0.005970464135021063
2022-04-22,-0.004762658227848063
2022-04-23,-0.003528481012658196
2022-04-24,-0.002863924050632863
2022-04-25,-0.002774261603375463
2022-04-26,-0.0036392405063290626
2022-04-27,-0.005052742616033696
2022-04-28,-0.006002109704641296
2022-04-29,-0.005896624472573764
2022-04-30,-0.005569620253164496
2022-05-01,-0.005094936708860696
2022-05-02,-0.0046835443037974295
2022-05-03,-0.004071729957805863
2022-05-04,-0.0033966244725737965
2022-05-05,-0.0026898734177214635
2022-05-06,-0.0017616033755273632
2022-05-07,-0.0021202531645568966
2022-05-08,-0.0029324894514767296
2022-05-09,-0.004156118143459863
2022-05-10,-0.004567510548523163
2022-05-11,-0.00476793248945143
2022-05-12,-0.0049683544303797
2022-05-13,-0.004672995780590663
2022-05-14,-0.0039451476793248294
2022-05-15,-0.0038713080168775635
2022-05-16,-0.0042405063291138636
2022-05-17,-0.004905063291139196
2022-05-18,-0.0049578059071729635
2022-05-19,-0.0056329113924050295
2022-05-20,-0.006445147679324863
2022-05-21,-0.0072151898734177
2022-05-22,-0.006919831223628663
2022-05-23,-0.007510548523206696
2022-05-24,-0.008111814345991496
2022-05-25,-0.008892405063291064
2022-05-26,-0.008048523206750995
2022-05-27,-0.007964135021096996
2022-05-28,-0.008312236286919796
2022-05-29,-0.00948839662447253
2022-05-30,-0.00998417721518983
2022-05-31,-0.010353375527426097
2022-06-01,-0.01088607594936703
2022-06-02,-0.011065400843881796
2022-06-03,-0.009462025316455664
2022-06-04,-0.007394514767932463
2022-06-05,-0.00552742616033753
2022-06-06,-0.0044514767932488965
2022-06-07,-0.003412447257383896
2022-06-08,-0.00226265822784803
2022-06-09,-0.0022310126582277966
2022-06-10,-0.001297468354430363
2022-06-11,-0.00020042194092826314
2022-06-12,0.0010337552742616036
2022-06-13,0.001065400843881837
2022-06-14,0.0015295358649788703
2022-06-15,0.0022890295358649368
2022-06-16,0.0031645569620252704
2022-06-17,0.003259493670886037
2022-06-18,0.0032278481012657703
2022-06-19,0.00324894514767927
2022-06-20,0.002953586497890237
2022-06-21,0.0022257383966244365
2022-06-22,0.00208860759493667
2022-06-23,0.0022784810126581703
2022-06-24,0.00251054852320667
2022-06-25,0.002194092827004137
2022-06-26,0.001962025316455637
2022-06-27,0.002067510548523137
2022-06-28,0.001793248945147637
2022-06-29,0.0015400843881856034
2022-06-30,0.00146624472573837
2022-07-01,0.0018881856540084035
2022-07-02,0.00239451476793247
2022-07-03,0.005274261603375504
2022-07-04,0.008011603375527403
2022-07-05,0.010617088607594903
2022-07-06,0.010564345991561136
2022-07-07,0.01083333333333327
2022-07-08,0.01083333333333327
2022-07-09,0.01064345991561177
2022-07-10,0.010010548523206703
2022-07-11,0.01010548523206747
2022-07-12,0.01062236286919827
2022-07-13,0.01084388185654007
2022-07-14,0.010189873417721504
2022-07-15,0.007383966244725704
2022-07-16,0.006149789029535803
2022-07-17,0.005274261603375436
2022-07-18,0.005601265822784736
2022-07-19,0.004272151898734137
2022-07-20,0.002383966244725703
2022-07-21,-0.0005696202531645634
2022-07-22,-0.0038502109704641302
2022-07-23,-0.006898734177215131
2022-07-24,-0.00832278481012653
2022-07-25,-0.009113924050632863
2022-07-26,-0.00957805907172993
2022-07-27,-0.01005274261603373
2022-07-28,-0.010928270042194063
2022-07-29,-0.011793248945147628
2022-07-30,-0.012257383966244664
2022-07-31,-0.01055907172995773
2022-08-01,-0.00855485232067503
2022-08-02,-0.0062974683544302955
2022-08-03,-0.006276371308016796
2022-08-04,-0.00644514767932483
2022-08-05,-0.00666666666666663
2022-08-06,-0.006160337552742597
2022-08-07,-0.005780590717299563
2022-08-08,-0.005706751054852297
2022-08-09,-0.005421940928269996
2022-08-10,-0.004878691983122296
2022-08-11,-0.004034810126582197
2022-08-12,-0.0033913502109703965
2022-08-13,-0.005675105485231997
2022-08-14,-0.008248945147679263
2022-08-15,-0.010411392405063231
2022-08-16,-0.00972573839662443
2022-08-17,-0.009240506329113897
2022-08-18,-0.009789029535864963
2022-08-19,-0.01068037974683543
2022-08-20,-0.011503164556961995
2022-08-21,-0.012452531645569564
2022-08-22,-0.013333333333333265
2022-08-23,-0.01405063291139233
2022-08-24,-0.013090717299577998
2022-08-25,-0.011033755274261564
2022-08-26,-0.008987341772151864
2022-08-27,-0.006413502109704597
2022-08-28,-0.0013027426160337298
2022-08-29,0.0073575949367088375
2022-08-30,0.018444092827004172
2022-08-31,0.02866033755274257
2022-09-01,0.035337552742616
2022-09-02,0.03739451476793244
2022-09-03,0.038670886075949304
2022-09-04,0.04040084388185647
2022-09-05,0.043111814345991505
2022-09-06,0.044256329113924
2022-09-07,0.0452689873417721
2022-09-08,0.04683016877637127
2022-09-09,0.048069620253164545
2022-09-10,0.0489873417721519
2022-09-11,0.04640295358649787
2022-09-12,0.043449367088607575
2022-09-13,0.04049578059071727
2022-09-14,0.038544303797468336
2022-09-15,0.03676160337552741
2022-09-16,0.0347784810126582
2022-09-17,0.029029535864978872
2022-09-18,0.01831223628691977
2022-09-19,0.008407172995780502
2022-09-20,0.0043881856540083685
2022-09-21,0.004947257383966202
2022-09-22,0.0021518987341772357
2022-09-23,-0.0012869198312235976
2022-09-24,-0.00491561181434593
2022-09-25,-0.006202531645569564
2022-09-26,-0.007784810126582197
2022-09-27,-0.008670886075949296
2022-09-28,-0.008248945147679263
2022-09-29,-0.006223628691983064
2022-09-30,-0.0035970464135020304
2022-10-01,-0.002204641350210897
2022-10-02,-0.0022573839662446637
2022-10-03,-0.0033755274261602973
2022-10-04,-0.00416139240506323
2022-10-05,-0.0046993670886075305
2022-10-06,-0.004055907172995697
2022-10-07,-0.0037025316455695637
2022-10-08,-0.003354430379746797
2022-10-09,-0.003059071729957797
2022-10-10,-0.00214135021097043
2022-10-11,-0.0007383966244725637
2022-10-12,0.00016877637130800286
2022-10-13,0.0004377637130801258
2022-10-14,-7.911392405064077e-05
2022-10-15,-0.0011656118143459407
2022-10-16,-0.001518987341772097
2022-10-17,-0.0013818565400843304
2022-10-18,-0.0005485232067510312
2022-10-19,0.0003797468354430355
2022-10-20,0.0011181434599155688
2022-10-21,0.0015717299578058362
2022-10-22,0.001424050632911336
2022-10-23,0.0012025316455695695
2022-10-24,0.002795358649789003
2022-10-25,0.0044620253164556695
2022-10-26,0.006234177215189836
2022-10-27,0.00613924050632907
2022-10-28,0.0035864978902953363
2022-10-29,0.0006118143459915692
2022-10-30,-0.0024894514767931975
2022-10-31,-0.002521097046413464
2022-11-01,-0.0015506329113923972
2022-11-02,-1.0548523206797457e-05
2022-11-03,-2.1097046413530803e-05
2022-11-04,-0.0010864978902953308
2022-11-05,-0.0027109704641349644
2022-11-06,-0.003554852320675065
2022-11-07,-0.004219409282700397
2022-11-08,-0.004789029535864931
2022-11-09,-0.0051951476793248305
2022-11-10,-0.005332278481012597
2022-11-11,-0.0065981012658227305
2022-11-12,-0.008090717299577997
2022-11-13,-0.00958860759493663
2022-11-14,-0.008881856540084295
2022-11-15,-0.006413502109704564
2022-11-16,-0.004135021097046364
2022-11-17,-0.0025738396624472304
2022-11-18,-0.0025052742616033306
2022-11-19,-0.0021993670886075304
2022-11-20,-0.0021255274261602636
2022-11-21,-0.0022257383966244305
2022-11-22,-0.0026793248945147304
2022-11-23,-0.00311181434599153
2022-11-24,-0.0031223628691982638
2022-11-25,-0.002130801687763664
2022-11-26,-0.000812236286919797
2022-11-27,0.00017932489451476957
2022-11-28,0.0004430379746835029
2022-11-29,-0.0001793248945147971
2022-11-30,-0.0007805907172995638
2022-12-01,-0.0013502109704640636
2022-12-02,-0.0018248945147678636
2022-12-03,-0.002383966244725697
2022-12-04,-0.003312236286919797
2022-12-05,-0.003966244725738363
2022-12-06,-0.004588607594936664
2022-12-07,-0.00485232067510543
2022-12-08,-0.0049367088607594305
2022-12-09,-0.004746835443037897
2022-12-10,-0.004367088607594864
2022-12-11,-0.00390295358649783
2022-12-12,-0.003449367088607564
2022-12-13,-0.003069620253164531
2022-12-14,-0.002795358649788997
2022-12-15,-0.0031329113924049973
2022-12-16,-0.003533755274261531
2022-12-17,-0.0038607594936707974
2022-12-18,-0.003027426160337497
2022-12-19,-0.0025843881856539635
2022-12-20,-0.0024261603375526973
2022-12-21,-0.002341772151898664
2022-12-22,-0.0005168776371307637
2022-12-23,0.002109704641350203
2022-12-24,0.00411392405063287
2022-12-25,0.004810126582278436
2022-12-26,0.005031645569620203
2022-12-27,0.005284810126582236
2022-12-28,0.005464135021097004
2022-12-29,0.005717299578059036
2022-12-30,0.005917721518987303
2022-12-31,0.005917721518987303
2023-01-01,0.00597046413502107
2023-01-02,0.0060864978902953025
2023-01-03,0.0063554852320674695
2023-01-04,0.00637658227848097
2023-01-05,0.006397679324894503
2023-01-06,0.007573839662447236
2023-01-07,0.008786919831223603
2023-01-08,0.009641350210970435
2023-01-09,0.00855485232067507
2023-01-10,0.004936708860759504
2023-01-11,-0.0005168776371307632
2023-01-12,-0.00514767932489443
2023-01-13,-0.0072468354430379
2023-01-14,-0.006603375527426097
2023-01-15,-0.006265822784810062
2023-01-16,-0.006265822784810062
2023-01-17,-0.00691983122362863
2023-01-18,-0.0070675105485231635
2023-01-19,-0.0068670886075948975
2023-01-20,-0.0066244725738396305
2023-01-21,-0.0066244725738396305
2023-01-22,-0.006677215189873398
2023-01-23,-0.006993670886075931
2023-01-24,-0.007911392405063262
2023-01-25,-0.008902953586497862
2023-01-26,-0.009609704641350162
2023-01-27,-0.009282700421940897
2023-01-28,-0.007362869198312197
2023-01-29,-0.003533755274261597
2023-01-30,-0.0005590717299578299
2023-01-31,0.00047468354430377024
2023-02-01,-0.0019303797468354297
2023-02-02,-0.0038713080168775635
2023-02-03,-0.005105485232067429
2023-02-04,-0.005305907172995696
2023-02-05,-0.0056540084388184975
2023-02-06,-0.006329113924050563
2023-02-07,-0.00640295358649783
2023-02-08,-0.006149789029535797
2023-02-09,-0.005632911392404997
2023-02-10,-0.005116033755274196
2023-02-11,-0.0046518987341771624
2023-02-12,-0.00371308016877633
2023-02-13,-0.002088607594936697
2023-02-14,-0.0005379746835443298
2023-02-15,0.0006962025316455035
2023-02-16,0.0012447257383965368
2023-02-17,0.00232067510548517
2023-02-18,0.0031751054852320365
2023-02-19,0.0039873417721518695
2023-02-20,0.004177215189873369
2023-02-21,0.00430379746835437
2023-02-22,0.004535864978902903
2023-02-23,0.004852320675105436
2023-02-24,0.004989451476793204
2023-02-25,0.00460970464135017
2023-02-26,0.004166666666666637
2023-02-27,0.00407172995780587
2023-02-28,0.004493670886075904
2023-03-01,0.005042194092826971
2023-03-02,0.005284810126582236
2023-03-03,0.00525316455696197
2023-03-04,0.0051476793248944365
2023-03-05,0.00498945147679317
2023-03-06,0.004525316455696137
2023-03-07,0.004071729957805837
2023-03-08,0.0039978902953585705
2023-03-09,0.004525316455696137
2023-03-10,0.0063291139240505695
2023-03-11,0.00829113924050627
2023-03-12,0.010854430379746769
2023-03-13,0.012109704641350137
2023-03-14,0.01271097046413497
2023-03-15,0.012468354430379705
2023-03-16,0.011983122362869171
2023-03-17,0.011518987341772105
2023-03-18,0.010822784810126537
2023-03-19,0.009883966244725704
2023-03-20,0.009451476793248904
2023-03-21,0.009356540084388137
2023-03-22,0.009483122362869136
2023-03-23,0.008913502109704605
2023-03-24,0.007985232067510504
2023-03-25,0.007594936708860703
2023-03-26,0.007626582278480937
2023-03-27,0.0079113924050632
2023-03-28,0.007310126582278404
2023-03-29,0.00600210970464127
2023-03-30,0.004578059071729903
2023-03-31,0.0029430379746835035
2023-04-01,0.0020358649789029367
2023-04-02,0.0017721518987341364
2023-04-03,0.0024472573839662034
2023-04-04,0.00310126582278477
2023-04-05,0.0032278481012658
2023-04-06,0.0032067510548523036
2023-04-07,0.00332278481012657
2023-04-08,0.0032700421940928034
2023-04-09,0.003523206751054803
2023-04-10,0.0038713080168775696
2023-04-11,0.00453586497890287
2023-04-12,0.004883966244725669
2023-04-13,0.00496835443037967
2023-04-14,0.004873417721518937
2023-04-15,0.004419831223628636
2023-04-16,0.0032911392405062696
2023-04-17,0.00229957805907167
2023-04-18,0.0019831223628691366
2023-04-19,0.0028902953586497364
2023-04-20,0.00370253164556957
2023-04-21,0.004662447257383937
2023-04-22,0.005569620253164538
2023-04-23,0.006482067510548503
2023-04-24,0.006977848101265771
2023-04-25,0.006661392405063238
2023-04-26,0.005495780590717237
2023-04-27,0.00419831223628687
2023-04-28,0.0034493670886075367
2023-04-29,0.0035337552742615366
2023-04-30,0.0033438818565400368
2023-05-01,0.0032067510548522706
2023-05-02,0.003095991561181403
2023-05-03,0.0034018987341771704
2023-05-04,0.0034968354430379364
2023-05-05,0.0035654008438818032
2023-05-06,0.0036075949367088
2023-05-07,0.0033544303797467703
2023-05-08,0.00271097046413497
2023-05-09,0.00159282700421937
2023-05-10,-0.0005696202531645633
2023-05-11,-0.00233649789029533
2023-05-12,-0.00362341772151893
2023-05-13,-0.003612869198312163
2023-05-14,-0.0033649789029535295
2023-05-15,-0.0029219409282699965
2023-05-16,-0.0015506329113923968
2023-05-17,0.0004219409282700366
2023-05-18,0.0029324894514767704
2023-05-19,0.004514767932489437
2023-05-20,0.004968354430379704
2023-05-21,0.004398734177215137
2023-05-22,0.0038713080168775705
2023-05-23,0.004124472573839604
2023-05-24,0.005158227848101204
2023-05-25,0.006297468354430337
2023-05-26,0.006824894514767903
2023-05-27,0.006392405063291103
2023-05-28,0.005738396624472536
2023-05-29,0.005158227848101236
2023-05-30,0.00499999999999997
2023-05-31,0.00514767932489447
2023-06-01,0.005390295358649736
2023-06-02,0.005379746835443004
2023-06-03,0.005137130801687736
2023-06-04,0.004620253164556936
2023-06-05,0.00439873417721517
2023-06-06,0.00342827004219407
2023-06-07,0.002943037974683503
2023-06-08,0.0027215189873417366
2023-06-09,0.0033438818565400368
2023-06-10,0.00372362869198307
2023-06-11,0.0036919831223628033
2023-06-12,0.0035654008438818032
2023-06-13,0.0026582278481012372
2023-06-14,0.001835443037974637
2023-06-15,0.0011919831223628035
2023-06-16,0.0013924050632910703
2023-06-17,0.0017405063291138702
2023-06-18,0.0018776371308016368
2023-06-19,0.002099156118143403
2023-06-20,0.002415611814345937
2023-06-21,0.0027004219409282365
2023-06-22,0.00258438818565397
2023-06-23,0.0018881856540084035
2023-06-24,0.0011286919831223366
2023-06-25,0.0006381856540084033
2023-06-26,0.0005854430379746366
2023-06-27,0.0010495780590716699
2023-06-28,0.0024578059071729366
2023-06-29,0.004535864978902903
2023-06-30,0.007426160337552703
2023-07-01,0.010580168776371269
2023-07-02,0.013924050632911337
2023-07-03,0.016012658227848035
2023-07-04,0.016476793248945104
2023-07-05,0.01624999999999997
2023-07-06,0.016281645569620203
2023-07-07,0.01669303797468347
2023-07-08,0.016719409282700368
2023-07-09,0.01618143459915607
2023-07-10,0.01547468354430377
2023-07-11,0.014947257383966205
2023-07-12,0.014862869198312206
2023-07-13,0.015611814345991537
2023-07-14,0.016350210970464105
2023-07-15,0.016993670886075906
2023-07-16,0.016497890295358603
2023-07-17,0.01497890295358647
2023-07-18,0.013407172995780571
2023-07-19,0.012078059071729937
2023-07-20,0.011297468354430337
2023-07-21,0.01018987341772147
2023-07-22,0.009883966244725671
2023-07-23,0.00998945147679317
2023-07-24,0.010411392405063237
2023-07-25,0.009535864978902903
2023-07-26,0.00844936708860757
2023-07-27,0.005833333333333304
2023-07-28,0.0020042194092827034
2023-07-29,-0.0013185654008438632
2023-07-30,-0.0033016877637130296
2023-07-31,-0.004999999999999963
2023-08-01,-0.007478902953586462
2023-08-02,-0.010253164556961998
2023-08-03,-0.013206751054852263
2023-08-04,-0.016191983122362797
2023-08-05,-0.01902953586497883
2023-08-06,-0.020084388185653963
2023-08-07,-0.021012658227848063
2023-08-08,-0.021740506329113896
2023-08-09,-0.022848101265822724
2023-08-10,-0.02353375527426156
2023-08-11,-0.024050632911392363
2023-08-12,-0.024462025316455662
2023-08-13,-0.025116033755274228
2023-08-14,-0.02571729957805903
2023-08-15,-0.026002109704641327
2023-08-16,-0.026002109704641327
2023-08-17,-0.0260126582278481
2023-08-18,-0.0260126582278481
2023-08-19,-0.0260126582278481
2023-08-20,-0.0260126582278481
2023-08-21,-0.0260126582278481
2023-08-22,-0.0260126582278481
2023-08-23,-0.0260126582278481
2023-08-24,-0.0260126582278481
2023-08-25,-0.0260126582278481
2023-08-26,-0.025696202531645562
2023-08-27,-0.02517932489451473
2023-08-28,-0.024683544303797395
2023-08-29,-0.024525316455696097
2023-08-30,-0.02457805907172986
2023-08-31,-0.024082278481012593
2023-09-01,-0.021139240506329066
2023-09-02,-0.018185654008438763
2023-09-03,-0.013829113924050562
2023-09-04,-0.011002109704641294
2023-09-05,-0.007995780590717263
2023-09-06,-0.006803797468354395
2023-09-07,-0.006508438818565362
2023-09-08,-0.0063924050632911
2023-09-09,-0.005896624472573796
2023-09-10,-0.004957805907172962
2023-09-11,-0.0046413502109704284
2023-09-12,-0.004936708860759462
2023-09-13,-0.005559071729957762
2023-09-14,-0.006824894514767896
2023-09-15,-0.008976793248945096
2023-09-16,-0.011244725738396563
2023-09-17,-0.0122468354430379
2023-09-18,-0.01293248945147673
2023-09-19,-0.013997890295358596
2023-09-20,-0.015179324894514729
2023-09-21,-0.016782700421940897
2023-09-22,-0.018354430379746798
2023-09-23,-0.019883966244725697
2023-09-24,-0.020052742616033695
2023-09-25,-0.019514767932489394
2023-09-26,-0.018544303797468294
2023-09-27,-0.018016877637130762
2023-09-28,-0.017974683544303763
2023-09-29,-0.018333333333333295
2023-09-30,-0.018755274261603328
2023-10-01,-0.019419831223628628
2023-10-02,-0.020094936708860697
2023-10-03,-0.019113924050632825
2023-10-04,-0.016671940928269964
2023-10-05,-0.013085443037974596
2023-10-06,-0.010944092827004162
2023-10-07,-0.00966244725738393
2023-10-08,-0.009156118143459896
2023-10-09,-0.006940928270042162
2023-10-10,-0.005232067510548496
2023-10-11,-0.004388185654008395
2023-10-12,-0.006128691983122295
2023-10-13,-0.007763713080168696
2023-10-14,-0.009018987341772096
2023-10-15,-0.009356540084388161
2023-10-16,-0.008808016877637095
2023-10-17,-0.007795358649788996
2023-10-18,-0.005854430379746796
2023-10-19,-0.003227848101265829
2023-10-20,-0.0019198312236286955
2023-10-21,-0.002837552742616029
2023-10-22,-0.005158227848101229
2023-10-23,-0.0064556962025316
2023-10-24,-0.005981012658227796
2023-10-25,-0.005548523206750995
2023-10-26,-0.006054852320675062
2023-10-27,-0.007035864978902929
2023-10-28,-0.007436708860759461
2023-10-29,-0.0065506329113923616
2023-10-30,-0.005654008438818495
2023-10-31,-0.005226793248945095
2023-11-01,-0.005079113924050562
2023-11-02,-0.0026213080168775954
2023-11-03,5.2742616033771315e-05
2023-11-04,0.002415611814345971
2023-11-05,0.0018670886075949043
2023-11-06,-0.0003691983122362955
2023-11-07,-0.0028481012658227623
2023-11-08,-0.004746835443037928
2023-11-09,-0.005089662447257329
2023-11-10,-0.004794303797468296
2023-11-11,-0.004783755274261528
2023-11-12,-0.005031645569620195
2023-11-13,-0.005432489451476762
2023-11-14,-0.005042194092826996
2023-11-15,-0.004535864978902929
2023-11-16,-0.0041983122362868955
2023-11-17,-0.004356540084388162
2023-11-18,-0.005126582278480995
2023-11-19,-0.006002109704641329
2023-11-20,-0.007151898734177195
2023-11-21,-0.007689873417721496
2023-11-22,-0.007932489451476761
2023-11-23,-0.0077320675105484625
2023-11-24,-0.007162447257383895
2023-11-25,-0.0063080168776370625
2023-11-26,-0.004926160337552696
2023-11-27,-0.004145569620253128
2023-11-28,-0.003686708860759462
2023-11-29,-0.0039398734177214624
2023-11-30,-0.0030537974683543614
2023-12-01,-0.0009810126582277953
2023-12-02,0.001265822784810138
2023-12-03,0.0028164556962025048
2023-12-04,0.003934599156118105
2023-12-05,0.0049999999999999385
2023-12-06,0.006023206751054771
2023-12-07,0.006128691983122272
2023-12-08,0.005949367088607505
2023-12-09,0.005242616033755205
2023-12-10,0.004947257383966171
2023-12-11,0.004883966244725671
2023-12-12,0.005168776371307938
2023-12-13,0.0054324894514767375
2023-12-14,0.005537974683544271
2023-12-15,0.005358649789029505
2023-12-16,0.004963080168776338
2023-12-17,0.004667721518987304
2023-12-18,0.004530590717299538
2023-12-19,0.004398734177215137
2023-12-20,0.0033438818565400042
2023-12-21,0.002837552742615971
2023-12-22,0.002573839662447205
2023-12-23,0.0032489451476793046
2023-12-24,0.0033333333333333045
2023-12-25,0.003175105485232038
2023-12-26,0.003006329113924
2023-12-27,0.0029219409282700043
2023-12-28,0.0024472573839662047
2023-12-29,0.0019303797468354048
2023-12-30,0.0022362869198311714
2023-12-31,0.002932489451476738
2024-01-01,0.003354430379746771
2024-01-02,0.003037974683544238
2024-01-03,0.002695147679324838
2024-01-04,0.002642405063291104
2024-01-05,0.0026318565400843714
2024-01-06,0.002594936708860738
2024-01-07,0.002130801687763671
2024-01-08,0.0014767932489451047
2024-01-09,0.00013713080168773796
2024-01-10,-0.0013924050632911286
2024-01-11,-0.002858649789029496
2024-01-12,-0.003475738396624429
2024-01-13,-0.0033386075949366624
2024-01-14,-0.0023997890295358285
2024-01-15,-0.001170886075949362
2024-01-16,-0.0007489451476793287
2024-01-17,-0.002563291139240495
2024-01-18,-0.004694092827004163
2024-01-19,-0.005632911392404995
2024-01-20,-0.004894514767932429
2024-01-21,-0.004351265822784761
2024-01-22,-0.0044145569620252624
2024-01-23,-0.0048575949367087945
2024-01-24,-0.005189873417721429
2024-01-25,-0.0053164556962024614
2024-01-26,-0.004989451476793195
2024-01-27,-0.004556962025316428
2024-01-28,-0.003744725738396595
2024-01-29,-0.002658227848101229
2024-01-30,-0.001719409282700362
2024-01-31,-0.0014978902953585952
2024-02-01,-0.002025316455696162
2024-02-02,-0.0034282700421940627
2024-02-03,-0.004767932489451429
2024-02-04,-0.005443037974683496
2024-02-05,-0.005200421940928229
2024-02-06,-0.005073839662447229
2024-02-07,-0.0053586497890294954
2024-02-08,-0.0053691983122362286
2024-02-09,-0.0048681434599155285
2024-02-10,-0.0041613924050632285
2024-02-11,-0.003444092827004162
2024-02-12,-0.0034388185654007954
2024-02-13,-0.003776371308016829
2024-02-14,-0.004419831223628662
2024-02-15,-0.0049050632911392285
2024-02-16,-0.005253164556961995
2024-02-17,-0.005527426160337495
2024-02-18,-0.005464135021096962
2024-02-19,-0.0054113924050632
2024-02-20,-0.0051265822784809295
2024-02-21,-0.006033755274261529
2024-02-22,-0.006951476793248895
2024-02-23,-0.00842827004219403
2024-02-24,-0.008691983122362796
2024-02-25,-0.008881856540084295
2024-02-26,-0.008955696202531562
2024-02-27,-0.00909282700421933
2024-02-28,-0.009335443037974595
2024-02-29,-0.009409282700421863
2024-03-01,-0.009440928270042129
2024-03-02,-0.009757383966244662
2024-03-03,-0.01031645569620246
2024-03-04,-0.01074894514767926
2024-03-05,-0.01142405063291133
2024-03-06,-0.012014767932489396
2024-03-07,-0.012726793248945096
2024-03-08,-0.012863924050632863
2024-03-09,-0.012441983122362827
2024-03-10,-0.011118143459915561
2024-03-11,-0.008291139240506297
2024-03-12,-0.005189873417721462
2024-03-13,-0.0022257383966244287
2024-03-14,2.1097046413504565e-05
2024-03-15,0.0015928270042193712
2024-03-16,0.002257383966244671
2024-03-17,0.001993670886075905
2024-03-18,0.002848101265822738
2024-03-19,0.004345991561181372
2024-03-20,0.006065400843881804
2024-03-21,0.006434599156118104
2024-03-22,0.006329113924050604
2024-03-23,0.006202531645569572
2024-03-24,0.007320675105485171
2024-03-25,0.008412447257383904
2024-03-26,0.009446202531645504
2024-03-27,0.008813291139240438
2024-03-28,0.007658227848101205
2024-03-29,0.006424050632911338
2024-03-30,0.004715189873417671
2024-03-31,0.002816455696202471
2024-04-01,-0.00011603375527429541
2024-04-02,-0.001455696202531662
2024-04-03,-0.0016455696202531287
2024-04-04,-0.000986286919831162
2024-04-05,-0.0010601265822783954
2024-04-06,-0.0024947257383965624
2024-04-07,-0.0039451476793248294
2024-04-08,-0.005274261603375463
2024-04-09,-0.00568565400843873
2024-04-10,-0.005179324894514696
2024-04-11,-0.004493670886075896
2024-04-12,-0.0035864978902953293
2024-04-13,-0.003027426160337529
2024-04-14,-0.0022151898734176956
2024-04-15,-0.002246835443037929
2024-04-16,-0.002310126582278429
2024-04-17,-0.002246835443037929
2024-04-18,-0.0015400843881856292
2024-04-19,-0.0020253164556961623
2024-04-20,-0.0046518987341771624
2024-04-21,-0.007299578059071662
2024-04-22,-0.008792194092826963
2024-04-23,-0.008338607594936662
2024-04-24,-0.008317510548523163
2024-04-25,-0.009504219409282663
2024-04-26,-0.011118143459915596
2024-04-27,-0.012637130801687728
2024-04-28,-0.01373417721518983
2024-04-29,-0.014451476793248895
2024-04-30,-0.015179324894514729
2024-05-01,-0.015490506329113862
2024-05-02,-0.016123417721518898
2024-05-03,-0.016408227848101167
2024-05-04,-0.016265822784810032
2024-05-05,-0.014767932489451395
2024-05-06,-0.012890295358649731
2024-05-07,-0.011065400843881796
2024-05-08,-0.01045358649789023
2024-05-09,-0.010907172995780529
2024-05-10,-0.011592827004219363
2024-05-11,-0.0122784810126582
2024-05-12,-0.008786919831223596
2024-05-13,-0.0040400843881856635
2024-05-14,0.0006856540084387701
2024-05-15,0.00101265822784807
2024-05-16,-0.0009599156118143298
2024-05-17,-0.00347046413502103
2024-05-18,-0.005105485232067463
2024-05-19,-0.005516877637130764
2024-05-20,-0.0051898734177214965
2024-05-21,-0.003892405063291096
2024-05-22,-0.0033966244725737965
2024-05-23,-0.0038713080168775965
2024-05-24,-0.005580168776371262
2024-05-25,-0.006666666666666596
2024-05-26,-0.007573839662447163
2024-05-27,-0.009219409282700363
2024-05-28,-0.011814345991561129
2024-05-29,-0.01474683544303793
2024-05-30,-0.01702531645569613
2024-05-31,-0.017594936708860698
2024-06-01,-0.016782700421940865
2024-06-02,-0.015590717299577998
2024-06-03,-0.015253164556961962
2024-06-04,-0.01534810126582273
2024-06-05,-0.014915611814345931
2024-06-06,-0.014704641350210898
2024-06-07,-0.014810126582278397
2024-06-08,-0.015580168776371231
2024-06-09,-0.016023206751054796
2024-06-10,-0.015590717299577997
2024-06-11,-0.01400843881856533
2024-06-12,-0.013312236286919762
2024-06-13,-0.013175105485232028
2024-06-14,-0.01304852320675103
2024-06-15,-0.011318565400843828
2024-06-16,-0.00969936708860753
2024-06-17,-0.009193037974683496
2024-06-18,-0.009868143459915563
2024-06-19,-0.010421940928269998
2024-06-20,-0.010052742616033698
2024-06-21,-0.008850210970464097
2024-06-22,-0.007035864978902896
2024-06-23,-0.006023206751054797
2024-06-24,-0.00545358649789023
2024-06-25,-0.005595991561181397
2024-06-26,-0.005838607594936662
2024-06-27,-0.006555907172995729
2024-06-28,-0.007183544303797397
2024-06-29,-0.007869198312236229
2024-06-30,-0.00815400843881853
2024-07-01,-0.00843881856540083
2024-07-02,-0.008449367088607563
2024-07-03,-0.007637130801687729
2024-07-04,-0.006777426160337496
2024-07-05,-0.005996835443037929
2024-07-06,-0.005901898734177163
2024-07-07,-0.00621308016877633
2024-07-08,-0.007046413502109663
2024-07-09,-0.007953586497890264
2024-07-10,-0.008438818565400796
2024-07-11,-0.00821729957805903
2024-07-12,-0.007299578059071663
2024-07-13,-0.00603902953586493
2024-07-14,-0.004604430379746764
2024-07-15,-0.0037183544303796973
2024-07-16,-0.003333333333333297
2024-07-17,-0.003059071729957797
2024-07-18,-0.002278481012658197
2024-07-19,-0.001803797468354364
2024-07-20,-0.0032383966244724973
2024-07-21,-0.00532700421940923
2024-07-22,-0.006223628691983098
2024-07-23,-0.004715189873417697
2024-07-24,-0.002204641350210964
2024-07-25,0.00012658227848100266
2024-07-26,0.001708860759493636
2024-07-27,0.002827004219409236
2024-07-28,0.0033755274261602695
2024-07-29,0.003565400843881803
2024-07-30,0.002352320675105436
2024-07-31,0.001023206751054834
2024-08-01,-6.329113924049934e-05
2024-08-02,-0.0017616033755273994
2024-08-03,-0.003924050632911364
2024-08-04,-0.006856540084388164
2024-08-05,-0.008238396624472531
2024-08-06,-0.008270042194092764
2024-08-07,-0.0075527426160336975
2024-08-08,-0.0068565400843881305
2024-08-09,-0.007499999999999965
2024-08-10,-0.008575949367088566
2024-08-11,-0.009789029535864932
2024-08-12,-0.010664556962025264
2024-08-13,-0.011329113924050596
2024-08-14,-0.01067510548523203
2024-08-15,-0.010337552742615998
2024-08-16,-0.010168776371307966
2024-08-17,-0.011656118143459867
2024-08-18,-0.012679324894514699
2024-08-19,-0.013190928270042132
2024-08-20,-0.013180379746835398
2024-08-21,-0.012241561181434565
2024-08-22,-0.011329113924050596
2024-08-23,-0.01097046413502103
2024-08-24,-0.011497890295358566
2024-08-25,-0.011276371308016798
2024-08-26,-0.011751054852320633
2024-08-27,-0.012236286919831198
2024-08-28,-0.01332805907172993
2024-08-29,-0.013053797468354398
2024-08-30,-0.012589662447257365
2024-08-31,-0.013037974683544265
2024-09-01,-0.013575949367088565
2024-09-02,-0.013860759493670832
2024-09-03,-0.013048523206750998
2024-09-04,-0.011856540084388132
2024-09-05,-0.011308016877637064
2024-09-06,-0.011276371308016833
2024-09-07,-0.011867088607594866
2024-09-08,-0.012246835443037897
2024-09-09,-0.0118776371308016
2024-09-10,-0.011191983122362798
2024-09-11,-0.0106540084388185
2024-09-12,-0.010748945147679266
2024-09-13,-0.009968354430379698
2024-09-14,-0.006487341772151865
2024-09-15,-0.0025843881856539986
2024-09-16,0.0006645569620253016
2024-09-17,0.001360759493670835
2024-09-18,0.001445147679324835
2024-09-19,0.0016033755274261017
2024-09-20,0.0022257383966244352
2024-09-21,0.0033438818565400355
2024-09-22,0.004915611814345936
2024-09-23,0.006086497890295302
2024-09-24,0.007352320675105435
2024-09-25,0.008069620253164536
2024-09-26,0.008829113924050601
2024-09-27,0.009462025316455668
2024-09-28,0.009926160337552701
2024-09-29,0.010284810126582234
2024-09-30,0.010042194092826967
2024-10-01,0.008554852320675068
2024-10-02,0.006540084388185635
2024-10-03,0.0044514767932489355
2024-10-04,0.002974683544303802
2024-10-05,0.0017721518987341685
2024-10-06,0.0006540084388185685
2024-10-07,-0.000390295358649765
2024-10-08,-0.0020147679324893984
2024-10-09,-0.004082278481012599
2024-10-10,-0.005970464135021032
2024-10-11,-0.0073628691983121655
2024-10-12,-0.007953586497890233
2024-10-13,-0.0083544303797468
2024-10-14,-0.008417721518987334
2024-10-15,-0.0070042194092827
2024-10-16,-0.005569620253164532
2024-10-17,-0.005601265822784765
2024-10-18,-0.007151898734177165
2024-10-19,-0.009092827004219364
2024-10-20,-0.009978902953586465
2024-10-21,-0.010817510548523165
2024-10-22,-0.011281645569620198
2024-10-23,-0.011408227848101199
2024-10-24,-0.01181434599156113
2024-10-25,-0.012109704641350166
2024-10-26,-0.012004219409282665
2024-10-27,-0.0110232067510548
2024-10-28,-0.009272151898734132
2024-10-29,-0.007827004219409232
2024-10-30,-0.007478902953586432
2024-10-31,-0.008718354430379665
2024-11-01,-0.010712025316455598
2024-11-02,-0.012294303797468265
2024-11-03,-0.012869198312236199
2024-11-04,-0.010453586497890232
2024-11-05,-0.005654008438818532
2024-11-06,-0.0004430379746835648
2024-11-07,0.002267932489451435
2024-11-08,0.003154008438818502
2024-11-09,0.003396624472573768
2024-11-10,0.003924050632911335
2024-11-11,0.004113924050632868
2024-11-12,0.004061181434599135
2024-11-13,0.003987341772151868
2024-11-14,0.0038080168776371015
2024-11-15,0.003734177215189835
2024-11-16,0.004135021097046368
2024-11-17,0.004746835443037935
2024-11-18,0.005574894514767902
2024-11-19,0.006028481012658202
2024-11-20,0.006197257383966201
2024-11-21,0.004683544303797402
2024-11-22,0.0007489451476793016
2024-11-23,-0.0031118143459915315
2024-11-24,-0.003702531645569532
2024-11-25,-0.0017088607594936316
2024-11-26,-0.00034810126582276497
2024-11-27,-0.0008702531645569649
2024-11-28,-0.001851265822784765
2024-11-29,-0.0020622362869197647
2024-11-30,-0.0018881856540083652
2024-12-01,-0.0018565400843881315
2024-12-02,-0.002415611814345965
2024-12-03,-0.0032067510548522984
2024-12-04,-0.003702531645569598
2024-12-05,-0.004092827004219365
2024-12-06,-0.004456751054852264
2024-12-07,-0.004794303797468299
2024-12-08,-0.004129746835442999
2024-12-09,-0.0029219409282699982
2024-12-10,-0.0026793248945147317
2024-12-11,-0.004314345991561132
2024-12-12,-0.006497890295358598
2024-12-13,-0.007710970464134964
2024-12-14,-0.006972573839662398
2024-12-15,-0.005796413502109664
2024-12-16,-0.004193037974683498
2024-12-17,-0.0023154008438818316
2024-12-18,-0.0008227848101265982
2024-12-19,0.0004957805907172684
2024-12-20,0.0015928270042193683
2024-12-21,0.0031329113924050355
2024-12-22,0.0044409282700421686
2024-12-23,0.0051582278481012355
2024-12-24,0.005316455696202502
2024-12-25,0.005379746835443002
2024-12-26,0.005337552742616001
2024-12-27,0.0060654008438818345
2024-12-28,0.007753164556962002
2024-12-29,0.009715189873417702
2024-12-30,0.010970464135021068
2024-12-31,0.01092827004219407
2025-01-01,0.010527426160337534
2025-01-02,0.009767932489451469
2025-01-03,0.008987341772151868
2025-01-04,0.007784810126582235
2025-01-05,0.006466244725738334
2025-01-06,0.005253164556961968
2025-01-07,0.0043776371308016345
2025-01-08,0.0034493670886075346
2025-01-09,0.001645569620253135
2025-01-10,-0.0002426160337552649
2025-01-11,-0.001571729957805865
2025-01-12,-0.0016561181434598651
2025-01-13,-0.0015189873417720985
2025-01-14,-0.0016139240506328316
2025-01-15,-0.0023523206751053984
2025-01-16,-0.0038607594936707983
2025-01-17,-0.005116033755274198
2025-01-18,-0.006761603375527364
2025-01-19,-0.007710970464134964
2025-01-20,-0.008639240506329032
2025-01-21,-0.008396624472573765
2025-01-22,-0.007943037974683466
2025-01-23,-0.007405063291139199
2025-01-24,-0.007056962025316432
2025-01-25,-0.006888185654008431
2025-01-26,-0.007088607594936698
2025-01-27,-0.007415611814345965
2025-01-28,-0.007774261603375497
2025-01-29,-0.007848101265822732
2025-01-30,-0.007658227848101198
2025-01-31,-0.007310126582278431
2025-02-01,-0.006930379746835399
2025-02-02,-0.006687763713080132
2025-02-03,-0.006181434599156065
2025-02-04,-0.005116033755274198
2025-02-05,-0.0030379746835442318
2025-02-06,-0.001244725738396565
2025-02-07,-0.0003270042194092316
2025-02-08,-0.0007647679324893983
2025-02-09,-0.0016613924050632317
2025-02-10,-0.0026318565400843315
2025-02-11,-0.0032172995780590315
2025-02-12,-0.002658227848101231
2025-02-13,-0.0008860759493670981
2025-02-14,0.000822784810126535
2025-02-15,0.0017827004219408684
2025-02-16,0.0018037974683543685
2025-02-17,0.0017141350210970018
2025-02-18,0.0014398734177214682
2025-02-19,0.0008386075949366848
2025-02-20,-0.0004852320675105485
2025-02-21,-0.0021202531645569153
2025-02-22,-0.0032805907172995317
2025-02-23,-0.003913502109704598
2025-02-24,-0.004124472573839632
2025-02-25,-0.004462025316455631
2025-02-26,-0.004103375527426098
2025-02-27,-0.003354430379746765
2025-02-28,-0.0014662447257383648
2025-03-01,0.0002215189873417683
2025-03-02,0.0013080168776371016
2025-03-03,0.0008755274261603197
2025-03-04,0.00033755274261604106
2025-03-05,-9.493670886072561e-05
2025-03-06,-0.00044303797468351014
2025-03-07,-0.0008860759493670316
2025-03-08,-0.0012341772151898316
2025-03-09,-0.001476793248945098
2025-03-10,-0.0014873417721518647
2025-03-11,-0.0012552742616033315
2025-03-12,-0.0011181434599155649
2025-03-13,-0.001086497890295298
2025-03-14,-0.0008438818565400433
2025-03-15,-0.000327004219409255
2025-03-16,-0.0001582278481012551
2025-03-17,-0.0006381856540084099
2025-03-18,-0.001344936708860698
2025-03-19,-0.0019778481012657644
2025-03-20,-0.002183544303797398
2025-03-21,-0.001951476793248898
2025-03-22,-0.0014135021097045647
2025-03-23,-0.00039029535864976476
2025-03-24,0.0005063291139240353
2025-03-25,0.0013291139240505685
2025-03-26,0.0015506329113923352
2025-03-27,0.0017721518987341017
2025-03-28,0.0016455696202531019
2025-03-29,0.0009493670886075684
2025-03-30,4.219409282703522e-05
2025-03-31,-0.0009810126582277983
2025-04-01,-0.0018459915611813646
2025-04-02,-0.0029746835443037315
2025-04-03,-0.003829113924050565
2025-04-04,-0.004377637130801631
2025-04-05,-0.004556962025316399
2025-04-06,-0.005010548523206698
2025-04-07,-0.005474683544303732
2025-04-08,-0.005981012658227799
2025-04-09,-0.006054852320675065
2025-04-10,-0.006592827004219398
2025-04-11,-0.007046413502109698
2025-04-12,-0.007457805907172964
2025-04-13,-0.007368143459915565
2025-04-14,-0.007294303797468298
2025-04-15,-0.006914556962025265
2025-04-16,-0.006540084388185599
2025-04-17,-0.005959915611814298
2025-04-18,-0.005232067510548465
2025-04-19,-0.004588607594936665
2025-04-20,-0.003586497890295298
2025-04-21,-0.002141350210970465
2025-04-22,-0.00042721518987343153
2025-04-23,0.0009018987341771683
2025-04-24,0.0013765822784809684
2025-04-25,0.0030379746835442352
2025-04-26,0.005105485232067435
2025-04-27,0.007267932489451401
2025-04-28,0.008059071729957734
2025-04-29,0.0090400843881856
2025-04-30,0.010126582278480968
2025-05-01,0.011302742616033735
2025-05-02,0.011787974683544268
2025-05-03,0.012178270042194067
2025-05-04,0.0154008438818565
2025-05-05,0.019388185654008402
2025-05-06,0.023333333333333265
2025-05-07,0.0243565400843881
2025-05-08,0.024609704641350132
2025-05-09,0.024251054852320597
2025-05-10,0.0239293248945147
2025-05-11,0.023560126582278403
2025-05-12,0.024520042194092765
2025-05-13,0.025443037974683502
2025-05-14,0.02131856540084383
2025-05-15,0.015485232067510499
2025-05-16,0.010622362869198267
2025-05-17,0.0107489451476793
2025-05-18,0.011107594936708834
2025-05-19,0.0105327004219409
2025-05-20,0.0100158227848101
2025-05-21,0.007863924050632867
2025-05-22,0.0043881856540084
2025-05-23,-0.0012658227848101333
2025-05-24,-0.005147679324894467
2025-05-25,-0.0077426160337552
2025-05-26,-0.008006329113924
2025-05-27,-0.007373417721518934
2025-05-28,-0.006835443037974634
2025-05-29,-0.006418776371307967
2025-05-30,-0.006376582278480966
2025-05-31,-0.005237341772151866
2025-06-01,-0.0017616033755273996
2025-06-02,0.001645569620253167
2025-06-03,0.0035548523206751
2025-06-04,0.002753164556962
2025-06-05,0.002109704641350167
2025-06-06,0.004746835443037934
2025-06-07,0.0076898734177215005
2025-06-08,0.0104746835443038
2025-06-09,0.009746835443037968
2025-06-10,0.008554852320675066
2025-06-11,0.007953586497890233
2025-06-12,0.008069620253164501
2025-06-13,0.007805907172995733
2025-06-14,0.005696202531645533
2025-06-15,0.0035126582278480665
2025-06-16,0.0022099156118143
2025-06-17,0.0021993670886075335
2025-06-18,0.0020305907172995003
2025-06-19,0.0014451476793248333
2025-06-20,0.0009599156118143001
2025-06-21,0.0005590717299577666
2025-06-22,0.0010337552742615667
2025-06-23,0.0014662447257383665
2025-06-24,0.001983122362869167
2025-06-25,0.0018301687763712666
2025-06-26,0.0014082278481012001
2025-06-27,0.0012394514767931665
2025-06-28,0.0013185654008437998
2025-06-29,0.0014029535864978333
2025-06-30,0.0014345991561181
2025-07-01,0.002088607594936667
2025-07-02,0.0029113924050632334
2025-07-03,0.0034810126582278003
2025-07-04,0.003412447257383934
2025-07-05,0.0034018987341772004
2025-07-06,0.0037710970464134666
2025-07-07,0.004071729957805866
2025-07-08,0.003881856540084333
2025-07-09,0.0037130801687763333
2025-07-10,0.0035021097046413
2025-07-11,0.0032594936708860334
2025-07-12,0.0024894514767932
2025-07-13,0.0017246835443037666
2025-07-14,0.0013765822784809667
2025-07-15,0.0012816455696201998
2025-07-16,0.0006434599156117667
2025-07-17,3.164556962023332e-05
2025-07-18,-0.0007805907172995667
2025-07-19,-0.0014029535864978663
2025-07-20,-0.0023734177215189666
2025-07-21,-0.003259493670886033
2025-07-22,-0.0038291139240506
2025-07-23,-0.0041139240506328665
2025-07-24,-0.0044514767932489
2025-07-25,-0.004567510548523133
2025-07-26,-0.003491561181434533
2025-07-27,-0.001888185654008399
2025-07-28,-0.000327004219409299
2025-07-29,-4.219409282699897e-05
2025-07-30,-0.0012236286919830996
2025-07-31,-0.002879746835442966
2025-08-01,-0.0043618143459915005
2025-08-02,-0.0047310126582278
2025-08-03,-0.004477848101265766
2025-08-04,-0.0036708860759492993
2025-08-05,-0.002647679324894433
2025-08-06,-0.0020253164556961333
2025-08-07,-0.0019092827004218663
2025-08-08,-0.0017932489451475998
2025-08-09,-0.0009599156118142997
2025-08-10,-8.438818565399968e-05
2025-08-11,0.0006645569620252669
2025-08-12,0.0009915611814345336
2025-08-13,0.0005274261603375003
2025-08-14,-0.0014556962025316664
2025-08-15,-0.003607594936708833
2025-08-16,-0.004641350210970434
2025-08-17,-0.0032383966244725333
2025-08-18,-0.0017510548523206328
2025-08-19,-0.001039029535864933
2025-08-20,-0.0016930379746834996
2025-08-21,-0.0025580168776371
2025-08-22,-0.0031434599156118
2025-08-23,-0.003417721518987333
2025-08-24,-0.0034810126582278333
2025-08-25,-0.003154008438818533
2025-08-26,-0.0021940928270041665
2025-08-27,-0.000548523206751033
2025-08-28,0.0004008438818565336
2025-08-29,0.0003797468354430336
2025-08-30,-0.0009493670886075665
2025-08-31,-0.0017827004219408665
2025-09-01,-0.0016455696202531
2025-09-02,-0.0007700421940927999
2025-09-03,2.1097046413500137e-05
2025-09-04,0.00048523206751050017
2025-09-05,0.001308016877637067
2025-09-06,0.0022257383966244
2025-09-07,0.0030063291139239673
2025-09-08,0.0032278481012657668
2025-09-09,0.0034177215189873
2025-09-10,0.0034810126582278333
2025-09-11,0.0032278481012658
2025-09-12,0.0025527426160337333
2025-09-13,0.002689873417721467
2025-09-14,0.003122362869198267
2025-09-15,0.003697257383966167
2025-09-16,0.0032753164556961335
2025-09-17,0.0026529535864978
2025-09-18,0.0023417721518986666
2025-09-19,0.0023206751054851665
2025-09-20,0.0024683544303797
2025-09-21,0.0013396624472573665
2025-09-22,-0.0010654008438818335
2025-09-23,-0.003512658227848067
2025-09-24,-0.005116033755274234
2025-09-25,-0.0058544303797468
2025-09-26,-0.0064345991561181
2025-09-27,-0.0067088607594936326
2025-09-28,-0.0066772151898734
2025-09-29,-0.006318565400843867
2025-09-30,-0.006107594936708834
2025-10-01,-0.006234177215189833
2025-10-02,-0.0067088607594936
2025-10-03,-0.006998945147679267
2025-10-04,-0.006914556962025267
2025-10-05,-0.007051687763713034
2025-10-06,-0.007341772151898666
2025-10-07,-0.007668776371307934
2025-10-08,-0.0077848101265822
