date,lth_net_change_30d
2020-10-10,-28865.809680820646
2020-10-11,-18184.239458229615
2020-10-12,-16181.322142140634
2020-10-13,-17633.838338096808
2020-10-14,-26492.977178086836
2020-10-15,-8194.904885881266
2020-10-16,-8838.306301661876
2020-10-17,-24444.456245949114
2020-10-18,5874.913604965738
2020-10-19,-17744.309315468385
2020-10-20,-17197.5258241552
2020-10-21,-12208.528477090043
2020-10-22,-10677.964567573057
2020-10-23,-24119.905834567846
2020-10-24,-28974.196096089716
2020-10-25,-18733.851794569055
2020-10-26,-9869.39916758637
2020-10-27,6438.170442074121
2020-10-28,-25979.94639761537
2020-10-29,-23787.92176026426
2020-10-30,-9166.939716904393
2020-10-31,-24605.04500313084
2020-11-01,-12744.265080713705
2020-11-02,-9770.603228547148
2020-11-03,-2124.0441801189604
2020-11-04,-2761.2574341546283
2020-11-05,-2548.8530161427293
2020-11-06,23820.124666073014
2020-11-07,24042.742653606412
2020-11-08,-90696.686491079
2020-11-09,24042.742653606412
2020-11-10,-120220.90059473235
2020-11-11,-120220.90059473235
2020-11-12,23820.124666073014
2020-11-13,24042.742653606412
2020-11-14,23820.124666073014
2020-11-15,24042.742653606412
2020-11-16,24487.978628673205
2020-11-17,24042.742653606412
2020-11-18,-51614.273576890424
2020-11-19,-50127.44265080717
2020-11-20,-47153.78079864063
2020-11-21,-40781.648258283785
2020-11-22,4897.595725734647
2020-11-23,6010.685663401603
2020-11-24,24042.742653606412
2020-11-25,25823.68655387356
2020-11-26,26046.304541406957
2020-11-27,25155.832591273367
2020-11-28,26046.304541406957
2020-11-29,26491.540516473717
2020-11-30,41629.56366874443
2020-12-01,41852.181656277826
2020-12-02,38067.675868210164
2020-12-03,36731.96794300981
2020-12-04,36731.96794300981
2020-12-05,36286.731967943015
2020-12-06,56099.73285841497
2020-12-07,56990.20480854853
2020-12-08,56990.20480854853
2020-12-09,24265.36064113981
2020-12-10,-40994.05267629565
2020-12-11,57658.058771148724
2020-12-12,57658.058771148724
2020-12-13,58103.294746215484
2020-12-14,59216.38468388247
2020-12-15,59439.00267141587
2020-12-16,59439.00267141587
2020-12-17,58548.53072128228
2020-12-18,24042.742653606412
2020-12-19,-40781.648258283785
2020-12-20,48308.10329474622
2020-12-21,50311.66518254676
2020-12-22,49198.57524487978
2020-12-23,64781.83437221728
2020-12-24,67453.250222618
2020-12-25,70792.52003561889
2020-12-26,91050.75690115764
2020-12-27,90382.90293855744
2020-12-28,24487.978628673205
2020-12-29,97061.44256455923
2020-12-30,96616.20658949245
2020-12-31,88601.9590382903
2021-01-01,87488.86910062334
2021-01-02,87711.48708815673
2021-01-03,88379.34105075689
2021-01-04,97284.0605520926
2021-01-05,98174.53250222621
2021-01-06,89047.1950133571
2021-01-07,75912.73374888692
2021-01-08,90382.90293855744
2021-01-09,90828.13891362424
2021-01-10,91273.374888691
2021-01-11,91495.9928762244
2021-01-12,91273.374888691
2021-01-13,90160.28495102405
2021-01-14,91495.9928762244
2021-01-15,95280.49866429208
2021-01-16,91941.22885129119
2021-01-17,92386.46482635799
2021-01-18,105966.16206589493
2021-01-19,112644.70169189673
2021-01-20,111308.99376669635
2021-01-21,91941.22885129119
2021-01-22,139804.09617097065
2021-01-23,92163.8468388246
2021-01-24,211487.0881567231
2021-01-25,211932.32413178988
2021-01-26,210819.23419412287
2021-01-27,91941.22885129119
2021-01-28,92163.8468388246
2021-01-29,221950.13357079256
2021-01-30,223953.69545859308
2021-01-31,210151.38023152272
2021-02-01,193900.26714158503
2021-02-02,177649.15405164738
2021-02-03,177203.9180765806
2021-02-04,-40781.648258283785
2021-02-05,96393.58860195903
2021-02-06,93722.17275155833
2021-02-07,89937.66696349064
2021-02-08,30943.900267141573
2021-02-09,27604.630454140708
2021-02-10,15583.259127337502
2021-02-11,-14018.691588785037
2021-02-12,-30373.83177570094
2021-02-13,-30586.236193712808
2021-02-14,-29949.02293967714
2021-02-15,-115548.0033984707
2021-02-16,-115760.40781648258
2021-02-17,-116185.21665250635
2021-02-18,-120433.30501274428
2021-02-19,-119158.8785046729
2021-02-20,24265.36064113981
2021-02-21,-105989.80458793546
2021-02-22,-105777.40016992352
2021-02-23,-105140.18691588785
2021-02-24,-105140.18691588785
2021-02-25,23820.124666073014
2021-02-26,-38870.00849617672
2021-02-27,-39294.81733220052
2021-02-28,-39507.22175021239
2021-03-01,-39082.41291418859
2021-03-02,-35896.3466440102
2021-03-03,-35259.13338997453
2021-03-04,-25063.721325403552
2021-03-05,-25063.721325403552
2021-03-06,-19328.802039082428
2021-03-07,24265.36064113981
2021-03-08,23597.506678539612
2021-03-09,23152.270703472856
2021-03-10,42297.417631344615
2021-03-11,43855.74354407837
2021-03-12,42520.03561887802
2021-03-13,43187.88958147818
2021-03-14,44300.97951914516
2021-03-15,19590.38290293856
2021-03-16,13579.697239536956
2021-03-17,10240.427426536058
2021-03-18,10017.809439002664
2021-03-19,24042.742653606412
2021-03-20,24042.742653606412
2021-03-21,15805.877114870898
2021-03-22,16028.495102404264
2021-03-23,15138.023152270705
2021-03-24,15138.023152270705
2021-03-25,14470.169189670514
2021-03-26,24042.742653606412
2021-03-27,-8920.985556499581
2021-03-28,-9133.389974511478
2021-03-29,-36321.155480033995
2021-03-30,-36745.96431605779
2021-03-31,23820.124666073014
2021-04-01,24042.742653606412
2021-04-02,24265.36064113981
2021-04-03,-41418.861512319454
2021-04-04,-54587.93542905695
2021-04-05,-55225.14868309262
2021-04-06,-51401.8691588785
2021-04-07,-48640.6117247239
2021-04-08,24265.36064113981
2021-04-09,34951.02404274266
2021-04-10,36286.731967943015
2021-04-11,36954.58593054317
2021-04-12,49643.811219946576
2021-04-13,49421.19323241318
2021-04-14,49421.19323241318
2021-04-15,67453.250222618
2021-04-16,73241.31789848619
2021-04-17,73018.69991095283
2021-04-18,151602.84951024043
2021-04-19,150934.99554764025
2021-04-20,150267.1415850401
2021-04-21,151157.61353517364
2021-04-22,158058.7711487088
2021-04-23,24487.978628673205
2021-04-24,187444.34550311667
2021-04-25,159171.8610863758
2021-04-26,223508.4594835263
2021-04-27,225512.02137132685
2021-04-28,229964.3811219947
2021-04-29,229073.9091718611
2021-04-30,159171.8610863758
2021-05-01,57991.9857524488
2021-05-02,-41206.45709430758
2021-05-03,24487.978628673205
2021-05-04,-40994.05267629565
2021-05-05,-40994.05267629565
2021-05-06,231745.32502226182
2021-05-07,237088.15672306326
2021-05-08,236420.30276046306
2021-05-09,91941.22885129119
2021-05-10,91273.374888691
2021-05-11,91273.374888691
2021-05-12,158949.2430988424
2021-05-13,189893.143365984
2021-05-14,188334.81745325023
2021-05-15,162733.74888691006
2021-05-16,162288.5129118433
2021-05-17,159171.8610863758
2021-05-18,154496.88334817457
2021-05-19,154942.11932324132
2021-05-20,157390.91718610862
2021-05-21,201914.5146927872
2021-05-22,165627.78272484418
2021-05-23,160062.33303650937
2021-05-24,156055.2092609083
2021-05-25,91273.374888691
2021-05-26,91718.6108637578
2021-05-27,99510.24042742656
2021-05-28,95057.88067675868
2021-05-29,91941.22885129119
2021-05-30,91273.374888691
2021-05-31,91273.374888691
2021-06-01,93944.79073909174
2021-06-02,94167.40872662513
2021-06-03,90605.52092609085
2021-06-04,90605.52092609085
2021-06-05,96170.97061442566
2021-06-06,95280.49866429208
2021-06-07,91718.6108637578
2021-06-08,91495.9928762244
2021-06-09,113312.5556544969
2021-06-10,114203.02760463046
2021-06-11,153829.02938557437
2021-06-12,153383.79341050758
2021-06-13,153829.02938557437
2021-06-14,157836.15316117543
2021-06-15,165850.40071237757
2021-06-16,169412.28851291185
2021-06-17,183214.60373998224
2021-06-18,183882.45770258238
2021-06-19,172083.70436331257
2021-06-20,170747.99643811223
2021-06-21,162511.13089937667
2021-06-22,158504.00712377566
2021-06-23,102404.27426536065
2021-06-24,101959.03829029384
2021-06-25,96393.58860195903
2021-06-26,48530.72128227962
2021-06-27,49198.57524487978
2021-06-28,47417.631344612666
2021-06-29,38735.52983081032
2021-06-30,29830.810329474618
2021-07-01,30053.428317008016
2021-07-02,31389.13624220837
2021-07-03,30498.66429207481
2021-07-04,26936.776491540513
2021-07-05,26936.776491540513
2021-07-06,24487.978628673205
2021-07-07,45414.06945681212
2021-07-08,46081.92341941228
2021-07-09,45191.45146927872
2021-07-10,37622.43989314337
2021-07-11,36954.58593054317
2021-07-12,34728.40605520926
2021-07-13,28049.86642920747
2021-07-14,30276.04630454141
2021-07-15,30498.66429207481
2021-07-16,30943.900267141573
2021-07-17,25601.068566340164
2021-07-18,15360.641139804102
2021-07-19,14470.169189670514
2021-07-20,10463.045414069456
2021-07-21,11130.899376669648
2021-07-22,20703.47284060551
2021-07-23,-40994.05267629565
2021-07-24,69902.04808548532
2021-07-25,70124.66607301868
2021-07-26,68121.10418521818
2021-07-27,69679.43009795193
2021-07-28,59439.00267141587
2021-07-29,54096.170970614425
2021-07-30,55209.26090828138
2021-07-31,65004.45235975067
2021-08-01,64559.21638468388
2021-08-02,81478.18343722174
2021-08-03,82146.03739982193
2021-08-04,24487.978628673205
2021-08-05,24265.36064113981
2021-08-06,23374.88869100622
2021-08-07,16918.967052537853
2021-08-08,16473.73107747106
2021-08-09,20703.47284060551
2021-08-10,21816.562778272502
2021-08-11,15360.641139804102
2021-08-12,14692.787177203909
2021-08-13,23820.124666073014
2021-08-14,23597.506678539612
2021-08-15,24265.36064113981
2021-08-16,46081.92341941228
2021-08-17,24487.978628673205
2021-08-18,61665.182546749784
2021-08-19,62333.03650934997
2021-08-20,61665.182546749784
2021-08-21,75690.11576135353
2021-08-22,-41206.45709430758
2021-08-23,65672.30632235084
2021-08-24,65004.45235975067
2021-08-25,66785.39626001782
2021-08-26,66785.39626001782
2021-08-27,48085.485307212824
2021-08-28,34505.788067675865
2021-08-29,-41206.45709430758
2021-08-30,20703.47284060551
2021-08-31,20035.618878005353
2021-09-01,20035.618878005353
2021-09-02,8459.483526268912
2021-09-03,-40781.648258283785
2021-09-04,-40781.648258283785
2021-09-05,24042.742653606412
2021-09-06,24265.36064113981
2021-09-07,28049.86642920747
2021-09-08,28717.720391807663
2021-09-09,29385.574354407854
2021-09-10,36954.58593054317
2021-09-11,45636.687444345516
2021-09-12,45414.06945681212
2021-09-13,67008.01424755123
2021-09-14,67008.01424755123
2021-09-15,53428.31700801426
2021-09-16,53205.69902048087
2021-09-17,-40994.05267629565
2021-09-18,24265.36064113981
2021-09-19,34505.788067675865
2021-09-20,34728.40605520926
2021-09-21,38512.911843276925
2021-09-22,32947.46215494212
2021-09-23,32279.608192341955
2021-09-24,28717.720391807663
2021-09-25,24265.36064113981
2021-09-26,31611.754229741764
2021-09-27,32724.84416740872
2021-09-28,31389.13624220837
2021-09-29,43855.74354407837
2021-09-30,43855.74354407837
2021-10-01,44078.361531611765
2021-10-02,73686.55387355298
2021-10-03,77471.05966162067
2021-10-04,78138.91362422083
2021-10-05,81032.94746215495
2021-10-06,91941.22885129119
2021-10-07,92386.46482635799
2021-10-08,24487.978628673205
2021-10-09,91495.9928762244
2021-10-10,111531.61175422974
2021-10-11,91941.22885129119
2021-10-12,91941.22885129119
2021-10-13,91718.6108637578
2021-10-14,107747.1059661621
2021-10-15,110418.52181656282
2021-10-16,113535.17364203028
2021-10-17,111531.61175422974
2021-10-18,104630.45414069458
2021-10-19,104630.45414069458
2021-10-20,92163.8468388246
2021-10-21,91941.22885129119
2021-10-22,116206.589492431
2021-10-23,126224.39893143366
2021-10-24,126224.39893143366
2021-10-25,126669.63490650046
2021-10-26,119100.62333036511
2021-10-27,109528.0498664292
2021-10-28,110641.1398040962
2021-10-29,113535.17364203028
2021-10-30,115538.73552983081
2021-10-31,120658.94924309886
2021-11-01,119768.4772929653
2021-11-02,72128.22796081923
2021-11-03,68343.72217275157
2021-11-04,41406.94568121106
2021-11-05,41406.94568121106
2021-11-06,41629.56366874443
2021-11-07,39848.61976847731
2021-11-08,39403.38379341052
2021-11-09,19590.38290293856
2021-11-10,20480.854853072116
2021-11-11,19590.38290293856
2021-11-12,222.61798753339724
2021-11-13,667.8539626001917
2021-11-14,28049.86642920747
2021-11-15,81923.41941228854
2021-11-16,86375.77916295639
2021-11-17,91941.22885129119
2021-11-18,91718.6108637578
2021-11-19,24042.742653606412
2021-11-20,58103.2947462155
2021-11-21,92163.8468388246
2021-11-22,91495.9928762244
2021-11-23,156945.68121104187
2021-11-24,159171.8610863758
2021-11-25,142030.27604630456
2021-11-26,143588.6019590383
2021-11-27,102181.65627782725
2021-11-28,86375.77916295639
2021-11-29,67008.01424755123
2021-11-30,66785.39626001782
2021-12-01,52315.22707034728
2021-12-02,54318.78895814782
2021-12-03,67453.250222618
2021-12-04,67453.250222618
2021-12-05,67230.63223508459
2021-12-06,24265.36064113981
2021-12-07,12466.60730187
2021-12-08,3339.2698130008976
2021-12-09,2448.7978628673086
2021-12-10,3116.6518254675
2021-12-11,24042.742653606412
2021-12-12,-38020.39082412913
2021-12-13,-37807.986406117256
2021-12-14,24265.36064113981
2021-12-15,24265.36064113981
2021-12-16,24265.36064113981
2021-12-17,24265.36064113981
2021-12-18,-96219.20135938827
2021-12-19,-96219.20135938827
2021-12-20,-35683.942225998326
2021-12-21,-35259.13338997453
2021-12-22,-12319.456244689907
2021-12-23,-5947.323704333055
2021-12-24,-2973.6618521665273
2021-12-25,24042.742653606412
2021-12-26,15138.023152270705
2021-12-27,14915.405164737309
2021-12-28,14024.93321460375
2021-12-29,14024.93321460375
2021-12-30,14692.787177203909
2021-12-31,12689.225289403399
2022-01-01,12243.989314336603
2022-01-02,12689.225289403399
2022-01-03,23820.124666073014
2022-01-04,23820.124666073014
2022-01-05,22929.652715939457
2022-01-06,23374.88869100622
2022-01-07,28049.86642920747
2022-01-08,28495.102404274265
2022-01-09,21593.944790739104
2022-01-10,20703.47284060551
2022-01-11,20926.090828138913
2022-01-12,18477.292965271605
2022-01-13,5120.213713268045
2022-01-14,5342.831700801411
2022-01-15,23820.124666073014
2022-01-16,-9770.603228547148
2022-01-17,-5947.323704333055
2022-01-18,2894.033837934103
2022-01-19,10240.427426536058
2022-01-20,14692.787177203909
2022-01-21,18477.292965271605
2022-01-22,20480.854853072116
2022-01-23,22039.18076580587
2022-01-24,23820.124666073014
2022-01-25,-40781.648258283785
2022-01-26,57435.440783615326
2022-01-27,62333.03650934997
2022-01-28,57880.67675868212
2022-01-29,49198.57524487978
2022-01-30,24042.742653606412
2022-01-31,20926.090828138913
2022-02-01,19590.38290293856
2022-02-02,3116.6518254675
2022-02-03,3784.5057880676613
2022-02-04,-1486.8309260832639
2022-02-05,-5097.706032285459
2022-02-06,-4885.301614273589
2022-02-07,-23789.29481733222
2022-02-08,-24426.508071367884
2022-02-09,-24001.699235344087
2022-02-10,-14868.309260832637
2022-02-11,-7434.154630416318
2022-02-12,2448.7978628673086
2022-02-13,2226.1798753339417
2022-02-14,-1486.8309260832639
2022-02-15,-849.6176720475667
2022-02-16,6233.303650935
2022-02-17,7346.393588601956
2022-02-18,24265.36064113981
2022-02-19,16473.73107747106
2022-02-20,16473.73107747106
2022-02-21,-40781.648258283785
2022-02-22,24042.742653606412
2022-02-23,24265.36064113981
2022-02-24,67898.48619768479
2022-02-25,67898.48619768479
2022-02-26,24265.36064113981
2022-02-27,-40781.648258283785
2022-02-28,-40781.648258283785
2022-03-01,91495.9928762244
2022-03-02,65894.92430988424
2022-03-03,65004.45235975067
2022-03-04,63000.89047195012
2022-03-05,52315.22707034728
2022-03-06,52537.84505788068
2022-03-07,56322.35084594837
2022-03-08,32724.84416740872
2022-03-09,32279.608192341955
2022-03-10,23820.124666073014
2022-03-11,9349.9554764025
2022-03-12,8682.101513802309
2022-03-13,8682.101513802309
2022-03-14,-7434.154630416318
2022-03-15,-7434.154630416318
2022-03-16,8682.101513802309
2022-03-17,9795.191451469296
2022-03-18,11576.135351736411
2022-03-19,22707.03472840606
2022-03-20,-1062.0220900594659
2022-03-21,-2336.4485981308303
2022-03-22,-1274.4265080713647
2022-03-23,0.0
2022-03-24,-1486.8309260832639
2022-03-25,-1486.8309260832639
2022-03-26,-40781.648258283785
2022-03-27,23820.124666073014
2022-03-28,24042.742653606412
2022-03-29,33392.69813000891
2022-03-30,33170.08014247551
2022-03-31,53873.55298308103
2022-04-01,-40994.05267629565
2022-04-02,61665.182546749784
2022-04-03,58993.76669634908
2022-04-04,58548.53072128228
2022-04-05,56544.96883348173
2022-04-06,56322.35084594837
2022-04-07,57212.82279608193
2022-04-08,56990.20480854853
2022-04-09,56990.20480854853
2022-04-10,56767.58682101513
2022-04-11,56544.96883348173
2022-04-12,34283.170080142474
2022-04-13,31166.51825467497
2022-04-14,29385.574354407854
2022-04-15,40071.237756010676
2022-04-16,40961.70970614427
2022-04-17,50756.90115761353
2022-04-18,52315.22707034728
2022-04-19,54096.170970614425
2022-04-20,74799.64381121994
2022-04-21,75244.87978628674
2022-04-22,74354.40783615317
2022-04-23,-40994.05267629565
2022-04-24,84817.45325022264
2022-04-25,85707.9252003562
2022-04-26,91941.22885129119
2022-04-27,92609.08281389138
2022-04-28,89269.81300089048
2022-04-29,89047.1950133571
2022-04-30,91718.6108637578
2022-05-01,91495.9928762244
2022-05-02,100400.7123775601
2022-05-03,101068.5663401603
2022-05-04,97729.2965271594
2022-05-05,92163.8468388246
2022-05-06,91941.22885129119
2022-05-07,91495.9928762244
2022-05-08,89269.81300089048
2022-05-09,90160.28495102405
2022-05-10,87711.48708815673
2022-05-11,74354.40783615317
2022-05-12,73241.31789848619
2022-05-13,70792.52003561889
2022-05-14,-40994.05267629565
2022-05-15,49421.19323241318
2022-05-16,50311.66518254676
2022-05-17,50756.90115761353
2022-05-18,50979.51914514693
2022-05-19,-40781.648258283785
2022-05-20,-40994.05267629565
2022-05-21,57212.82279608193
2022-05-22,57658.058771148724
2022-05-23,24042.742653606412
2022-05-24,24042.742653606412
2022-05-25,35841.49599287622
2022-05-26,33392.69813000891
2022-05-27,21148.708815672308
2022-05-28,22039.18076580587
2022-05-29,22261.798753339266
2022-05-30,16696.349065004455
2022-05-31,16251.113089937662
2022-06-01,26714.15850400712
2022-06-02,27159.39447907391
2022-06-03,26268.92252894036
2022-06-04,-40781.648258283785
2022-06-05,1224.3989314336543
2022-06-06,45191.45146927872
2022-06-07,53205.69902048087
2022-06-08,53428.31700801426
2022-06-09,49866.429207479974
2022-06-10,21593.944790739104
2022-06-11,21371.326803205706
2022-06-12,24487.978628673205
2022-06-13,24265.36064113981
2022-06-14,-31435.853865760404
2022-06-15,-32073.067119796073
2022-06-16,-27400.169923534413
2022-06-17,-26975.361087510613
2022-06-18,-2761.2574341546283
2022-06-19,4229.741763134456
2022-06-20,9795.191451469296
2022-06-21,24487.978628673205
2022-06-22,24042.742653606412
2022-06-23,-40994.05267629565
2022-06-24,53205.69902048087
2022-06-25,53873.55298308103
2022-06-26,36509.34995547641
2022-06-27,48975.957257346396
2022-06-28,61442.564559216386
2022-06-29,24487.978628673205
2022-06-30,-40994.05267629565
2022-07-01,-40994.05267629565
2022-07-02,27827.248441674103
2022-07-03,24265.36064113981
2022-07-04,23152.270703472856
2022-07-05,21371.326803205706
2022-07-06,19813.000890471958
2022-07-07,-40994.05267629565
2022-07-08,-11894.64740866611
2022-07-09,-3823.2795242140937
2022-07-10,7346.393588601956
2022-07-11,23820.124666073014
2022-07-12,-43967.71452846218
2022-07-13,-63721.32540356841
2022-07-14,-43755.31011045031
2022-07-15,-69456.24468988953
2022-07-16,-69668.64910790145
2022-07-17,24265.36064113981
2022-07-18,24042.742653606412
2022-07-19,-40994.05267629565
2022-07-20,-36533.55989804586
2022-07-21,-35259.13338997453
2022-07-22,-33347.493627867465
2022-07-23,11353.517364203015
2022-07-24,10017.809439002664
2022-07-25,15583.259127337502
2022-07-26,34505.788067675865
2022-07-27,-40994.05267629565
2022-07-28,-40781.648258283785
2022-07-29,22707.03472840606
2022-07-30,22484.41674087266
2022-07-31,23820.124666073014
2022-08-01,12243.989314336603
2022-08-02,10240.427426536058
2022-08-03,8236.865538735545
2022-08-04,-1062.0220900594659
2022-08-05,-1062.0220900594659
2022-08-06,23820.124666073014
2022-08-07,-41418.861512319454
2022-08-08,-41418.861512319454
2022-08-09,-39082.41291418859
2022-08-10,-39294.81733220052
2022-08-11,-21028.03738317756
2022-08-12,-21028.03738317756
2022-08-13,-20815.63296516569
2022-08-14,-20390.824129141893
2022-08-15,-40781.648258283785
2022-08-16,-40994.05267629565
2022-08-17,-46304.16312659304
2022-08-18,-47366.185216652506
2022-08-19,-47153.78079864063
2022-08-20,-23576.890399320288
2022-08-21,-23789.29481733222
2022-08-22,-20603.22854715376
2022-08-23,-31648.25828377227
2022-08-24,-31648.25828377227
2022-08-25,-28249.78759558201
2022-08-26,-28037.38317757008
2022-08-27,23820.124666073014
2022-08-28,8904.719501335707
2022-08-29,10017.809439002664
2022-08-30,-40781.648258283785
2022-08-31,18032.05699020481
2022-09-01,19813.000890471958
2022-09-02,14915.405164737309
2022-09-03,12689.225289403399
2022-09-04,19367.76491540516
2022-09-05,18699.910952805
2022-09-06,18699.910952805
2022-09-07,16028.495102404264
2022-09-08,23820.124666073014
2022-09-09,-250000.0
2022-09-10,-231733.22005097705
2022-09-11,10463.045414069456
2022-09-12,92163.8468388246
2022-09-13,24042.742653606412
2022-09-14,91495.9928762244
2022-09-15,23820.124666073014
2022-09-16,-189464.74086661002
2022-09-17,-186703.48343245542
2022-09-18,-170560.7476635514
2022-09-19,-78589.63466440103
2022-09-20,-80713.67884451998
2022-09-21,-79014.44350042484
2022-09-22,91495.9928762244
2022-09-23,-11894.64740866611
2022-09-24,-11894.64740866611
2022-09-25,-10832.625318606613
2022-09-26,-17417.162276975363
2022-09-27,-17841.971112999163
2022-09-28,-17629.566694987236
2022-09-29,-16355.1401869159
2022-09-30,-16992.353440951567
2022-10-01,-12956.669498725574
2022-10-02,-13593.882752761241
2022-10-03,-18691.588785046762
2022-10-04,-18691.588785046762
2022-10-05,-18691.588785046762
2022-10-06,-17204.757858963494
2022-10-07,-27824.978759558213
2022-10-08,-28249.78759558201
2022-10-09,9127.337488869103
2022-10-10,-34834.324553950726
2022-10-11,-40781.648258283785
2022-10-12,-24851.316907391683
2022-10-13,15138.023152270705
2022-10-14,16028.495102404264
2022-10-15,-18691.588785046762
2022-10-16,-15930.331350892102
2022-10-17,-16355.1401869159
2022-10-18,-14018.691588785037
2022-10-19,23152.270703472856
2022-10-20,-57136.78844519968
2022-10-21,-50552.25148683089
2022-10-22,-47366.185216652506
2022-10-23,-48853.01614273577
2022-10-24,-52463.89124893796
2022-10-25,-53950.72217502123
2022-10-26,-58198.810535259145
2022-10-27,-57986.40611724722
2022-10-28,-55862.36193712829
2022-10-29,-66482.582837723
2022-10-30,-66907.3916737468
2022-10-31,-39932.030586236186
2022-11-01,-39294.81733220052
2022-11-02,-40994.05267629565
2022-11-03,-40144.43500424812
2022-11-04,-39719.62616822432
2022-11-05,-40356.83942225999
2022-11-06,24042.742653606412
2022-11-07,-849.6176720475667
2022-11-08,-3186.0662701784263
2022-11-09,-41418.861512319454
2022-11-10,-37807.986406117256
2022-11-11,-37807.986406117256
2022-11-12,-38232.79524214105
2022-11-13,-35471.537807986395
2022-11-14,-31435.853865760404
2022-11-15,-30798.640611724735
2022-11-16,24042.742653606412
2022-11-17,-11682.24299065421
2022-11-18,-7221.750212404419
2022-11-19,24042.742653606412
2022-11-20,23374.88869100622
2022-11-21,22707.03472840606
2022-11-22,-9133.389974511478
2022-11-23,109750.6678539626
2022-11-24,108860.19590382905
2022-11-25,91941.22885129119
2022-11-26,152270.70347284063
2022-11-27,151157.61353517364
2022-11-28,24487.978628673205
2022-11-29,190115.76135351736
2022-11-30,203027.60463045415
2022-12-01,201246.66073018697
2022-12-02,-41206.45709430758
2022-12-03,-40994.05267629565
2022-12-04,90382.90293855744
2022-12-05,89937.66696349064
2022-12-06,88824.57702582369
2022-12-07,85040.07123775603
2022-12-08,85262.6892252894
2022-12-09,-41206.45709430758
2022-12-10,25601.068566340164
2022-12-11,77248.44167408728
2022-12-12,77248.44167408728
2022-12-13,110863.75779162956
2022-12-14,112867.31967943009
2022-12-15,112422.08370436331
2022-12-16,91495.9928762244
2022-12-17,91273.374888691
2022-12-18,91273.374888691
2022-12-19,104407.83615316119
2022-12-20,105743.54407836156
2022-12-21,105520.92609082814
2022-12-22,24487.978628673205
2022-12-23,24042.742653606412
2022-12-24,23820.124666073014
2022-12-25,23597.506678539612
2022-12-26,100178.09439002673
2022-12-27,101068.5663401603
2022-12-28,101291.1843276937
2022-12-29,91941.22885129119
2022-12-30,91718.6108637578
2022-12-31,91941.22885129119
2023-01-01,108860.19590382905
2023-01-02,92163.8468388246
2023-01-03,119768.4772929653
2023-01-04,119991.09528049866
2023-01-05,91495.9928762244
2023-01-06,91495.9928762244
2023-01-07,105298.30810329474
2023-01-08,106411.39804096172
2023-01-09,110195.9038290294
2023-01-10,117542.29741763136
2023-01-11,116651.82546749781
2023-01-12,91495.9928762244
2023-01-13,144479.07390917186
2023-01-14,146482.6357969724
2023-01-15,143588.6019590383
2023-01-16,186553.8735529831
2023-01-17,186999.10952804988
2023-01-18,158726.62511130903
2023-01-19,91718.6108637578
2023-01-20,91718.6108637578
2023-01-21,91941.22885129119
2023-01-22,159171.8610863758
2023-01-23,250000.00000000003
2023-01-24,249109.52804986644
2023-01-25,158504.00712377566
2023-01-26,-40994.05267629565
2023-01-27,24042.742653606412
2023-01-28,36509.34995547641
2023-01-29,91718.6108637578
2023-01-30,158949.2430988424
2023-01-31,158949.2430988424
2023-02-01,91941.22885129119
2023-02-02,24042.742653606412
2023-02-03,36509.34995547641
2023-02-04,-40994.05267629565
2023-02-05,92163.8468388246
2023-02-06,226402.49332146044
2023-02-07,186331.2555654497
2023-02-08,226179.875333927
2023-02-09,209483.52626892255
2023-02-10,211487.0881567231
2023-02-11,92163.8468388246
2023-02-12,178317.00801424755
2023-02-13,181433.65983971505
2023-02-14,184995.54764024934
2023-02-15,190560.99732858417
2023-02-16,159171.8610863758
2023-02-17,91273.374888691
2023-02-18,91273.374888691
2023-02-19,165627.78272484418
2023-02-20,166073.018699911
2023-02-21,164292.07479964383
2023-02-22,24487.978628673205
2023-02-23,91495.9928762244
2023-02-24,156723.06322350848
2023-02-25,156055.2092609083
2023-02-26,91941.22885129119
2023-02-27,153606.41139804097
2023-02-28,121772.0391807658
2023-03-01,91941.22885129119
2023-03-02,-40781.648258283785
2023-03-03,-40994.05267629565
2023-03-04,98174.53250222621
2023-03-05,90382.90293855744
2023-03-06,66340.16028495102
2023-03-07,62333.03650934997
2023-03-08,61219.94657168299
2023-03-09,24042.742653606412
2023-03-10,51424.75512021372
2023-03-11,53873.55298308103
2023-03-12,51647.37310774712
2023-03-13,37845.057880676766
2023-03-14,24042.742653606412
2023-03-15,-40994.05267629565
2023-03-16,-40781.648258283785
2023-03-17,-40781.648258283785
2023-03-18,66562.77827248443
2023-03-19,66340.16028495102
2023-03-20,65004.45235975067
2023-03-21,64781.83437221728
2023-03-22,85930.54318788959
2023-03-23,83481.74532502228
2023-03-24,81032.94746215495
2023-03-25,78361.53161175424
2023-03-26,64336.59839715048
2023-03-27,64113.98040961709
2023-03-28,61887.800534283175
2023-03-29,-40781.648258283785
2023-03-30,-10620.220900594744
2023-03-31,-40994.05267629565
2023-04-01,-118734.0696686491
2023-04-02,-186278.67459643164
2023-04-03,-185853.86576040782
2023-04-04,-223237.04333050133
2023-04-05,-226847.91843670348
2023-04-06,-221112.99915038233
2023-04-07,7123.775601068559
2023-04-08,6233.303650935
2023-04-09,6455.921638468398
2023-04-10,-145709.4307561597
2023-04-11,-146134.2395921835
2023-04-12,-141886.15123194564
2023-04-13,24042.742653606412
2023-04-14,23820.124666073014
2023-04-15,50979.51914514693
2023-04-16,50979.51914514693
2023-04-17,23820.124666073014
2023-04-18,12911.843276936766
2023-04-19,12689.225289403399
2023-04-20,12021.371326803208
2023-04-21,8459.483526268912
2023-04-22,222.61798753339724
2023-04-23,-1486.8309260832639
2023-04-24,-3610.8751062021947
2023-04-25,-5097.706032285459
2023-04-26,-6159.728122344954
2023-04-27,-6584.536958368722
2023-04-28,-6159.728122344954
2023-04-29,8459.483526268912
2023-04-30,7791.62956366875
2023-05-01,6901.1576135351615
2023-05-02,58325.91273374888
2023-05-03,58103.294746215484
2023-05-04,55654.496883348176
2023-05-05,55431.87889581478
2023-05-06,54764.02493321462
2023-05-07,41184.32769367766
2023-05-08,40739.09171861087
2023-05-09,40293.855743544074
2023-05-10,40071.237756010676
2023-05-11,39626.001780943916
2023-05-12,49866.429207479974
2023-05-13,49866.429207479974
2023-05-14,49866.429207479974
2023-05-15,51202.13713268033
2023-05-16,51202.13713268033
2023-05-17,51202.13713268033
2023-05-18,51424.75512021372
2023-05-19,52315.22707034728
2023-05-20,56767.58682101513
2023-05-21,23597.506678539612
2023-05-22,-40994.05267629565
2023-05-23,26714.15850400712
2023-05-24,28940.33837934106
2023-05-25,28049.86642920747
2023-05-26,24487.978628673205
2023-05-27,12466.60730187
2023-05-28,11130.899376669648
2023-05-29,10685.663401602853
2023-05-30,9127.337488869103
2023-05-31,7346.393588601956
2023-06-01,2894.033837934103
2023-06-02,1780.9439002671472
2023-06-03,2448.7978628673086
2023-06-04,7569.011576135353
2023-06-05,7346.393588601956
2023-06-06,890.4719501335583
2023-06-07,445.2359750667945
2023-06-08,-9983.007646559046
2023-06-09,-11894.64740866611
2023-06-10,-12319.456244689907
2023-06-11,-19541.206457094297
2023-06-12,-19966.015293118093
2023-06-13,1558.3259127337503
2023-06-14,6010.685663401603
2023-06-15,91495.9928762244
2023-06-16,183437.22172751557
2023-06-17,185440.78361531615
2023-06-18,182101.51380231522
2023-06-19,91718.6108637578
2023-06-20,158726.62511130903
2023-06-21,91495.9928762244
2023-06-22,225066.78539626
2023-06-23,224621.54942119325
2023-06-24,-41206.45709430758
2023-06-25,191006.23330365098
2023-06-26,182991.9857524488
2023-06-27,4674.97773820125
2023-06-28,91718.6108637578
2023-06-29,19590.38290293856
2023-06-30,18922.52894033837
2023-07-01,-38870.00849617672
2023-07-02,-40144.43500424812
2023-07-03,-32285.471537808
2023-07-04,-32710.2803738318
2023-07-05,-37383.17757009346
2023-07-06,-36321.155480033995
2023-07-07,15583.259127337502
2023-07-08,7123.775601068559
2023-07-09,-11045.029736618513
2023-07-10,-40144.43500424812
2023-07-11,-39932.030586236186
2023-07-12,-37807.986406117256
2023-07-13,-42480.88360237892
2023-07-14,-47366.185216652506
2023-07-15,-46516.567544604906
2023-07-16,-57136.78844519968
2023-07-17,-57136.78844519968
2023-07-18,24265.36064113981
2023-07-19,-25913.33899745115
2023-07-20,-27187.76550552254
2023-07-21,-26762.956669498744
2023-07-22,-9983.007646559046
2023-07-23,24042.742653606412
2023-07-24,47195.01335707927
2023-07-25,49421.19323241318
2023-07-26,50311.66518254676
2023-07-27,50089.047195013365
2023-07-28,52315.22707034728
2023-07-29,47862.867319679426
2023-07-30,24710.596616206603
2023-07-31,24042.742653606412
2023-08-01,44523.59750667853
2023-08-02,35173.64203027606
2023-08-03,33615.31611754231
2023-08-04,17364.203027604617
2023-08-05,15805.877114870898
2023-08-06,12466.60730187
2023-08-07,24042.742653606412
2023-08-08,41406.94568121106
2023-08-09,41852.181656277826
2023-08-10,44078.361531611765
2023-08-11,44078.361531611765
2023-08-12,23820.124666073014
2023-08-13,14692.787177203909
2023-08-14,15360.641139804102
2023-08-15,18254.674977738207
2023-08-16,23820.124666073014
2023-08-17,42297.417631344615
2023-08-18,41852.181656277826
2023-08-19,22929.652715939457
2023-08-20,23152.270703472856
2023-08-21,23152.270703472856
2023-08-22,43187.88958147818
2023-08-23,43410.50756901158
2023-08-24,42965.27159394478
2023-08-25,24042.742653606412
2023-08-26,77025.82368655388
2023-08-27,76580.5877114871
2023-08-28,57435.440783615326
2023-08-29,58325.91273374888
2023-08-30,56099.73285841497
2023-08-31,54318.78895814782
2023-09-01,56099.73285841497
2023-09-02,91273.374888691
2023-09-03,82591.2733748887
2023-09-04,83259.12733748888
2023-09-05,84149.59928762245
2023-09-06,84594.83526268923
2023-09-07,24042.742653606412
2023-09-08,-40994.05267629565
2023-09-09,92163.8468388246
2023-09-10,94167.40872662513
2023-09-11,24933.21460373997
2023-09-12,128227.96081923421
2023-09-13,123775.60106856634
2023-09-14,125111.30899376671
2023-09-15,126892.25289403387
2023-09-16,119545.8593054319
2023-09-17,24265.36064113981
2023-09-18,91941.22885129119
2023-09-19,92163.8468388246
2023-09-20,91941.22885129119
2023-09-21,137132.68032056993
2023-09-22,131121.99465716834
2023-09-23,130008.90471950134
2023-09-24,129786.28673196796
2023-09-25,129563.66874443456
2023-09-26,126001.78094390029
2023-09-27,124443.45503116652
2023-09-28,88156.72306322353
2023-09-29,85262.6892252894
2023-09-30,48753.33926981302
2023-10-01,48085.485307212824
2023-10-02,29162.95636687446
2023-10-03,29162.95636687446
2023-10-04,28940.33837934106
2023-10-05,17141.58504007125
2023-10-06,11130.899376669648
2023-10-07,-9558.19881053525
2023-10-08,-14018.691588785037
2023-10-09,-13169.073916737443
2023-10-10,-11894.64740866611
2023-10-11,24042.742653606412
2023-10-12,21371.326803205706
2023-10-13,21371.326803205706
2023-10-14,21593.944790739104
2023-10-15,8904.719501335707
2023-10-16,10463.045414069456
2023-10-17,18699.910952805
2023-10-18,22929.652715939457
2023-10-19,28272.484416740866
2023-10-20,34283.170080142474
2023-10-21,35841.49599287622
2023-10-22,34951.02404274266
2023-10-23,24042.742653606412
2023-10-24,23820.124666073014
2023-10-25,23820.124666073014
2023-10-26,13802.315227070354
2023-10-27,35618.87800534283
2023-10-28,36731.96794300981
2023-10-29,24933.21460373997
2023-10-30,63891.36242208372
2023-10-31,63223.50845948353
2023-11-01,45636.687444345516
2023-11-02,51202.13713268033
2023-11-03,50979.51914514693
2023-11-04,51202.13713268033
2023-11-05,52537.84505788068
2023-11-06,51202.13713268033
2023-11-07,32279.608192341955
2023-11-08,29830.810329474618
2023-11-09,28717.720391807663
2023-11-10,28717.720391807663
2023-11-11,23820.124666073014
2023-11-12,38958.14781834372
2023-11-13,38958.14781834372
2023-11-14,24042.742653606412
2023-11-15,23374.88869100622
2023-11-16,51647.37310774712
2023-11-17,52537.84505788068
2023-11-18,53650.934995547635
2023-11-19,54318.78895814782
2023-11-20,24933.21460373997
2023-11-21,-40994.05267629565
2023-11-22,-40994.05267629565
2023-11-23,56322.35084594837
2023-11-24,55654.496883348176
2023-11-25,-40994.05267629565
2023-11-26,26268.92252894036
2023-11-27,25155.832591273367
2023-11-28,23820.124666073014
2023-11-29,24042.742653606412
2023-11-30,18032.05699020481
2023-12-01,20480.854853072116
2023-12-02,22484.41674087266
2023-12-03,28717.720391807663
2023-12-04,29162.95636687446
2023-12-05,28717.720391807663
2023-12-06,28495.102404274265
2023-12-07,-40781.648258283785
2023-12-08,-40994.05267629565
2023-12-09,24487.978628673205
2023-12-10,32502.226179875324
2023-12-11,32502.226179875324
2023-12-12,24042.742653606412
2023-12-13,24487.978628673205
2023-12-14,24042.742653606412
2023-12-15,24265.36064113981
2023-12-16,68343.72217275157
2023-12-17,69011.57613535173
2023-12-18,57212.82279608193
2023-12-19,52760.46304541407
2023-12-20,50534.28317008013
2023-12-21,48753.33926981302
2023-12-22,24487.978628673205
2023-12-23,24487.978628673205
2023-12-24,24487.978628673205
2023-12-25,24487.978628673205
2023-12-26,22929.652715939457
2023-12-27,22707.03472840606
2023-12-28,18477.292965271605
2023-12-29,18254.674977738207
2023-12-30,19145.146927871767
2023-12-31,23820.124666073014
2024-01-01,-52993.42040267927
2024-01-02,72350.84594835264
2024-01-03,72350.84594835264
2024-01-04,71682.99198575244
2024-01-05,71905.60997328584
2024-01-06,72128.22796081923
2024-01-07,63668.744434550325
2024-01-08,63000.89047195012
2024-01-09,68343.72217275157
2024-01-10,68788.95814781834
2024-01-11,57880.67675868212
2024-01-12,49866.429207479974
2024-01-13,17809.439002671414
2024-01-14,23820.124666073014
2024-01-15,23820.124666073014
2024-01-16,24042.742653606412
2024-01-17,-24311.414514631208
2024-01-18,-25677.22431882396
2024-01-19,-23765.09059295409
2024-01-20,-4916.915295093939
2024-01-21,-6829.04902096381
2024-01-22,11576.135351736411
2024-01-23,-62827.25099286715
2024-01-24,-63100.41295370567
2024-01-25,-61461.4411886744
2024-01-26,-15023.90784612041
2024-01-27,-66651.51844460689
2024-01-28,-58456.65961945029
2024-01-29,-59276.14550196593
2024-01-30,-60095.63138448164
2024-01-31,-99157.7917843947
2024-02-01,-101889.41139278021
2024-02-02,-101889.41139278021
2024-02-03,-101343.08747110309
2024-02-04,-71022.10981802376
2024-02-05,-72114.757661378
2024-02-06,-72934.24354389362
2024-02-07,23820.124666073014
2024-02-08,-109537.94629625969
2024-02-09,-109264.7843354211
2024-02-10,-109264.7843354211
2024-02-11,-107898.97453122835
2024-02-12,-129751.93139831256
2024-02-13,-131664.06512418244
2024-02-14,17586.821015138015
2024-02-15,-195037.6400387267
2024-02-16,-195310.8019995653
2024-02-17,-168267.76787654858
2024-02-18,-235465.61024283254
2024-02-19,-246665.25063721326
2024-02-20,-273.1619608385584
2024-02-21,-230275.5329869
2024-02-22,-234646.12436031687
2024-02-23,-225358.6176918061
2024-02-24,-216344.2729841339
2024-02-25,-53266.582363517795
2024-02-26,-52720.258441840684
2024-02-27,-105167.35492284285
2024-02-28,-104074.70707948861
2024-02-29,23820.124666073014
2024-03-01,-36057.378830688955
2024-03-02,-36330.54079152755
2024-03-03,-52447.096481002154
2024-03-04,-9287.506668510798
2024-03-05,-9287.506668510798
2024-03-06,6678.539626001795
2024-03-07,7346.393588601956
2024-03-08,5565.449688334808
2024-03-09,2894.033837934103
2024-03-10,-17482.365493667363
2024-03-11,-19394.499219537236
2024-03-12,-19940.823141214347
2024-03-13,-19940.823141214347
2024-03-14,-30320.977653079342
2024-03-15,-30320.977653079342
2024-03-16,-28408.84392720947
2024-03-17,-28408.84392720947
2024-03-18,-31959.949418110693
2024-03-19,-37423.18863488171
2024-03-20,-28682.00588804807
2024-03-21,-25404.062357985444
2024-03-22,23820.124666073014
2024-03-23,-16389.717650313203
2024-03-24,-16936.041571990245
2024-03-25,-16936.041571990245
2024-03-26,-16936.041571990245
2024-03-27,-29228.329809725186
2024-03-28,-29501.4917705637
2024-03-29,-20760.309023729988
2024-03-30,-21306.632945407106
2024-03-31,-22945.604710438452
2024-04-01,-31959.949418110693
2024-04-02,-32779.435300626326
2024-04-03,-30867.30157475646
2024-04-04,-25677.22431882396
2024-04-05,23820.124666073014
2024-04-06,-34964.7309873348
2024-04-07,-35237.892948173314
2024-04-08,-52447.096481002154
2024-04-09,22929.652715939457
2024-04-10,23374.88869100622
2024-04-11,21816.562778272502
2024-04-12,22039.18076580587
2024-04-13,24265.36064113981
2024-04-14,24710.596616206603
2024-04-15,-52720.258441840684
2024-04-16,24042.742653606412
2024-04-17,41406.94568121106
2024-04-18,49421.19323241318
2024-04-19,46527.15939447907
2024-04-20,37622.43989314337
2024-04-21,28940.33837934106
2024-04-22,24487.978628673205
2024-04-23,34505.788067675865
2024-04-24,63891.36242208372
2024-04-25,24487.978628673205
2024-04-26,69011.57613535173
2024-04-27,84594.83526268923
2024-04-28,86598.39715048978
2024-04-29,87711.48708815673
2024-04-30,155832.59127337488
2024-05-01,158504.00712377566
2024-05-02,157390.91718610862
2024-05-03,196126.447016919
2024-05-04,204808.5485307213
2024-05-05,205476.40249332148
2024-05-06,158726.62511130903
2024-05-07,158949.24309884242
2024-05-08,159171.86108637578
2024-05-09,159394.47907390917
2024-05-10,91718.6108637578
2024-05-11,159394.47907390917
2024-05-12,193009.7951914515
2024-05-13,191896.70525378452
2024-05-14,91941.22885129119
2024-05-15,110195.9038290294
2024-05-16,106856.6340160285
2024-05-17,-53266.582363517795
2024-05-18,70124.66607301868
2024-05-19,70347.28406055209
2024-05-20,71905.60997328584
2024-05-21,73463.9358860196
2024-05-22,78584.14959928763
2024-05-23,87266.25111308994
2024-05-24,86821.01513802315
2024-05-25,24042.742653606412
2024-05-26,91718.6108637578
2024-05-27,167186.10863757794
2024-05-28,167631.34461264472
2024-05-29,199910.95280498668
2024-05-30,91941.22885129119
2024-05-31,179875.3339269813
2024-06-01,182324.13178984864
2024-06-02,186108.6375779163
2024-06-03,192119.3232413179
2024-06-04,193009.7951914515
2024-06-05,186331.2555654497
2024-06-06,141362.42208370438
2024-06-07,142030.27604630456
2024-06-08,92163.8468388246
2024-06-09,-52720.258441840684
2024-06-10,119100.62333036511
2024-06-11,122439.89314336599
2024-06-12,123998.21905609976
2024-06-13,119100.62333036511
2024-06-14,-52720.258441840684
2024-06-15,106188.78005342835
2024-06-16,107524.48797862869
2024-06-17,113089.9376669635
2024-06-18,112644.70169189673
2024-06-19,92831.70080142475
2024-06-20,92386.46482635799
2024-06-21,93722.17275155833
2024-06-22,94390.0267141585
2024-06-23,98619.768477293
2024-06-24,98397.15048975957
2024-06-25,88824.57702582369
2024-06-26,87711.48708815673
2024-06-27,87711.48708815673
2024-06-28,83481.74532502228
2024-06-29,82591.2733748887
2024-06-30,83259.12733748888
2024-07-01,91941.22885129119
2024-07-02,92609.08281389138
2024-07-03,90828.13891362424
2024-07-04,87266.25111308994
2024-07-05,77025.82368655388
2024-07-06,77471.05966162067
2024-07-07,77693.67764915405
2024-07-08,54318.78895814782
2024-07-09,52537.84505788068
2024-07-10,47417.631344612666
2024-07-11,-40994.05267629565
2024-07-12,-40781.648258283785
2024-07-13,16918.967052537853
2024-07-14,17364.203027604617
2024-07-15,6233.303650935
2024-07-16,5565.449688334808
2024-07-17,19367.76491540516
2024-07-18,20258.23686553875
2024-07-19,22484.41674087266
2024-07-20,26491.540516473717
2024-07-21,28940.33837934106
2024-07-22,29608.19234194122
2024-07-23,32502.226179875324
2024-07-24,40293.855743544074
2024-07-25,40961.70970614427
2024-07-26,43410.50756901158
2024-07-27,43633.12555654497
2024-07-28,44523.59750667853
2024-07-29,100400.7123775601
2024-07-30,100623.33036509348
2024-07-31,86821.01513802315
2024-08-01,79252.00356188779
2024-08-02,78806.76758682104
2024-08-03,74354.40783615317
2024-08-04,82368.65538735529
2024-08-05,82813.89136242209
2024-08-06,79697.23953695458
2024-08-07,76803.20569902049
2024-08-08,76357.96972395369
2024-08-09,55654.496883348176
2024-08-10,54764.02493321462
2024-08-11,42965.27159394478
2024-08-12,14915.405164737309
2024-08-13,-12319.456244689907
2024-08-14,-16142.73576890397
2024-08-15,-13169.073916737443
2024-08-16,-4035.6839422259927
2024-08-17,-8708.581138487682
2024-08-18,-8920.985556499581
2024-08-19,23820.124666073014
2024-08-20,-21028.03738317756
2024-08-21,-24214.103653356015
2024-08-22,-25913.33899745115
2024-08-23,-26975.361087510613
2024-08-24,-33347.493627867465
2024-08-25,-22514.86830926082
2024-08-26,-19966.015293118093
2024-08-27,-8920.985556499581
2024-08-28,-9345.794392523381
2024-08-29,-9345.794392523381
2024-08-30,445.2359750667945
2024-08-31,890.4719501335583
2024-09-01,1335.7079252003527
2024-09-02,1558.3259127337503
2024-09-03,19590.38290293856
2024-09-04,20035.618878005353
2024-09-05,20258.23686553875
2024-09-06,45859.305431878915
2024-09-07,46304.541406945675
2024-09-08,24487.978628673205
2024-09-09,-40994.05267629565
2024-09-10,-40781.648258283785
2024-09-11,24487.978628673205
2024-09-12,-40781.648258283785
2024-09-13,89269.81300089048
2024-09-14,82146.03739982193
2024-09-15,79029.38557435443
2024-09-16,77916.29563668744
2024-09-17,67898.48619768479
2024-09-18,69011.57613535173
2024-09-19,-40994.05267629565
2024-09-20,65894.92430988424
2024-09-21,66340.16028495102
2024-09-22,66562.77827248443
2024-09-23,-40994.05267629565
2024-09-24,43187.88958147818
2024-09-25,42742.65360641141
2024-09-26,39626.001780943916
2024-09-27,23597.506678539612
2024-09-28,5565.449688334808
2024-09-29,-7221.750212404419
2024-09-30,-10620.220900594744
2024-10-01,-11469.838572642313
2024-10-02,-11682.24299065421
2024-10-03,-18479.18436703483
2024-10-04,-18691.588785046762
2024-10-05,-18054.375531011032
2024-10-06,-3398.470688190325
2024-10-07,-3610.8751062021947
2024-10-08,-3610.8751062021947
2024-10-09,7791.62956366875
2024-10-10,8904.719501335707
2024-10-11,27827.248441674103
2024-10-12,23820.124666073014
2024-10-13,15138.023152270705
2024-10-14,7346.393588601956
2024-10-15,8236.865538735545
2024-10-16,15583.259127337502
2024-10-17,23374.88869100622
2024-10-18,33615.31611754231
2024-10-19,28272.484416740866
2024-10-20,24487.978628673205
2024-10-21,26714.15850400712
2024-10-22,26714.15850400712
2024-10-23,26491.540516473717
2024-10-24,41406.94568121106
2024-10-25,56211.04185218167
2024-10-26,71015.13802315228
2024-10-27,-40994.05267629565
2024-10-28,118878.0053428317
2024-10-29,119323.24131789852
2024-10-30,110418.52181656282
2024-10-31,111308.99376669635
2024-11-01,110863.75779162956
2024-11-02,110418.52181656282
2024-11-03,-40781.648258283785
2024-11-04,91495.9928762244
2024-11-05,24265.36064113981
2024-11-06,91495.9928762244
2024-11-07,92163.8468388246
2024-11-08,120436.33125556544
2024-11-09,135796.97239536958
2024-11-10,135129.11843276938
2024-11-11,75690.11576135353
2024-11-12,76580.5877114871
2024-11-13,77916.29563668744
2024-11-14,78138.91362422083
2024-11-15,74799.64381121994
2024-11-16,75467.49777382013
2024-11-17,73463.9358860196
2024-11-18,67230.63223508459
2024-11-19,66785.39626001782
2024-11-20,-41206.45709430758
2024-11-21,54096.170970614425
2024-11-22,53873.55298308103
2024-11-23,49421.19323241318
2024-11-24,47862.867319679426
2024-11-25,48085.485307212824
2024-11-26,-40994.05267629565
2024-11-27,42520.03561887802
2024-11-28,42297.417631344615
2024-11-29,24487.978628673205
2024-11-30,23820.124666073014
2024-12-01,18477.292965271605
2024-12-02,18254.674977738207
2024-12-03,18477.292965271605
2024-12-04,-39719.62616822432
2024-12-05,-42693.28802039084
2024-12-06,-42693.28802039084
2024-12-07,-55649.95751911642
2024-12-08,-55649.95751911642
2024-12-09,-54375.53101104502
2024-12-10,-55225.14868309262
2024-12-11,-56074.766355140215
2024-12-12,-12744.265080713705
2024-12-13,-11257.43415463041
2024-12-14,-10195.412064570946
2024-12-15,23820.124666073014
2024-12-16,57212.82279608193
2024-12-17,24487.978628673205
2024-12-18,83259.12733748888
2024-12-19,84149.59928762245
2024-12-20,82813.89136242209
2024-12-21,81255.56544968834
2024-12-22,81478.18343722174
2024-12-23,76135.3517364203
2024-12-24,75467.49777382013
2024-12-25,73909.17186108639
2024-12-26,24487.978628673205
2024-12-27,-41206.45709430758
2024-12-28,48085.485307212824
2024-12-29,48530.72128227962
2024-12-30,48753.33926981302
2024-12-31,48975.95725734641
2025-01-01,24487.978628673205
2025-01-02,24487.978628673205
2025-01-03,23152.270703472856
2025-01-04,26491.540516473717
2025-01-05,26936.776491540513
2025-01-06,40516.47373107748
2025-01-07,40961.70970614427
2025-01-08,28272.484416740866
2025-01-09,27604.630454140708
2025-01-10,24487.978628673205
2025-01-11,22707.03472840606
2025-01-12,21593.944790739104
2025-01-13,21371.326803205706
2025-01-14,35841.49599287622
2025-01-15,35841.49599287622
2025-01-16,-3398.4706881903103
2025-01-17,-40994.05267629565
2025-01-18,2894.033837934103
2025-01-19,2448.7978628673086
2025-01-20,2894.033837934103
2025-01-21,23820.124666073014
2025-01-22,-4885.301614273589
2025-01-23,-4885.301614273589
2025-01-24,-13381.478334749372
2025-01-25,-13593.882752761241
2025-01-26,-13593.882752761241
2025-01-27,-41206.45709430758
2025-01-28,-46091.75870858111
2025-01-29,-45029.736618521645
2025-01-30,-32497.87595581987
2025-01-31,-32710.2803738318
2025-02-01,-40781.648258283785
2025-02-02,-40569.243840271854
2025-02-03,23820.124666073014
2025-02-04,24042.742653606412
2025-02-05,-35896.3466440102
2025-02-06,-35471.537807986395
2025-02-07,-33772.30246389126
2025-02-08,-8496.176720475783
2025-02-09,-7434.154630416318
2025-02-10,-5522.514868309257
2025-02-11,43410.50756901158
2025-02-12,44300.97951914516
2025-02-13,24487.978628673205
2025-02-14,96170.97061442566
2025-02-15,97284.0605520926
2025-02-16,94612.6447016919
2025-02-17,169412.28851291185
2025-02-18,177426.536064114
2025-02-19,175868.21015138028
2025-02-20,170525.37845057884
2025-02-21,158504.00712377566
2025-02-22,154051.64737310776
2025-02-23,154274.26536064115
2025-02-24,154496.88334817457
2025-02-25,111976.84772929654
2025-02-26,109973.285841496
2025-02-27,104185.2181656278
2025-02-28,92386.46482635799
2025-03-01,45859.305431878915
2025-03-02,46304.541406945675
2025-03-03,38067.675868210164
2025-03-04,34283.170080142474
2025-03-05,34505.788067675865
2025-03-06,39626.001780943916
2025-03-07,37622.43989314337
2025-03-08,39403.38379341052
2025-03-09,40293.855743544074
2025-03-10,40293.855743544074
2025-03-11,40071.237756010676
2025-03-12,40071.237756010676
2025-03-13,39848.61976847731
2025-03-14,24487.978628673205
2025-03-15,-40781.648258283785
2025-03-16,-41206.45709430758
2025-03-17,48530.72128227962
2025-03-18,48530.72128227962
2025-03-19,14692.787177203909
2025-03-20,14470.169189670514
2025-03-21,11576.135351736411
2025-03-22,11353.517364203015
2025-03-23,13579.697239536956
2025-03-24,9572.573463935896
2025-03-25,8236.865538735545
2025-03-26,6678.539626001795
2025-03-27,5120.213713268045
2025-03-28,1113.0899376669558
2025-03-29,-2761.2574341546283
2025-03-30,-6584.536958368722
2025-03-31,-7434.154630416318
2025-04-01,28940.33837934106
2025-04-02,29385.574354407854
2025-04-03,34728.40605520926
2025-04-04,42742.65360641141
2025-04-05,42520.03561887802
2025-04-06,58103.294746215484
2025-04-07,64559.21638468388
2025-04-08,64559.21638468388
2025-04-09,69234.19412288514
2025-04-10,77248.44167408728
2025-04-11,77248.44167408728
2025-04-12,85040.07123775603
2025-04-13,109082.81389136246
2025-04-14,110641.1398040962
2025-04-15,111976.84772929654
2025-04-16,124888.69100623332
2025-04-17,92163.8468388246
2025-04-18,118878.0053428317
2025-04-19,119545.8593054319
2025-04-20,118432.7693677649
2025-04-21,111976.84772929654
2025-04-22,110418.52181656282
2025-04-23,-40994.05267629565
2025-04-24,-40994.05267629565
2025-04-25,61442.564559216386
2025-04-26,56767.58682101513
2025-04-27,23597.506678539612
2025-04-28,22707.03472840606
2025-04-29,20703.47284060551
2025-04-30,22484.41674087266
2025-05-01,24265.36064113981
2025-05-02,13134.461264470161
2025-05-03,12466.60730187
2025-05-04,13802.315227070354
2025-05-05,10463.045414069456
2025-05-06,10463.045414069456
2025-05-07,19813.000890471958
2025-05-08,23152.270703472856
2025-05-09,29385.574354407854
2025-05-10,30498.66429207481
2025-05-11,45859.305431878915
2025-05-12,46527.15939447907
2025-05-13,26936.776491540513
2025-05-14,25823.68655387356
2025-05-15,27382.01246660731
2025-05-16,30943.900267141573
2025-05-17,30943.900267141573
2025-05-18,54541.40694568122
2025-05-19,56544.96883348173
2025-05-20,57435.440783615326
2025-05-21,57435.440783615326
2025-05-22,63000.89047195012
2025-05-23,59216.38468388247
2025-05-24,58771.14870881568
2025-05-25,58771.14870881568
2025-05-26,12689.225289403399
2025-05-27,11798.753339269806
2025-05-28,11798.753339269806
2025-05-29,11130.899376669648
2025-05-30,11576.135351736411
2025-05-31,445.2359750667945
2025-06-01,667.8539626001917
2025-06-02,-38232.79524214105
2025-06-03,-38445.199660152924
2025-06-04,-37383.17757009346
2025-06-05,-36533.55989804586
2025-06-06,-40781.648258283785
2025-06-07,-43967.71452846218
2025-06-08,-4248.088360237892
2025-06-09,-2124.0441801189604
2025-06-10,-1911.6397621070616
2025-06-11,-5734.919286321156
2025-06-12,-7646.559048428217
2025-06-13,-10195.412064570946
2025-06-14,-8283.772302463884
2025-06-15,-8920.985556499581
2025-06-16,-17841.971112999163
2025-06-17,-18054.375531011032
2025-06-18,-18903.993203058628
2025-06-19,-40994.05267629565
2025-06-20,-40781.648258283785
2025-06-21,-40781.648258283785
2025-06-22,-41418.861512319454
2025-06-23,-40781.648258283785
2025-06-24,-41206.45709430758
2025-06-25,-126380.62871707734
2025-06-26,-125955.81988105354
2025-06-27,23820.124666073014
2025-06-28,24042.742653606412
2025-06-29,-40994.05267629565
2025-06-30,-179694.1376380629
2025-07-01,-176720.4757858964
2025-07-02,-171622.76975361086
2025-07-03,-120433.30501274428
2025-07-04,-114485.98130841125
2025-07-05,-109813.0841121495
2025-07-06,-83050.12744265083
2025-07-07,-83687.3406966865
2025-07-08,-82412.9141886151
2025-07-09,24042.742653606412
2025-07-10,-40569.243840271854
2025-07-11,-38232.79524214105
2025-07-12,-35896.3466440102
2025-07-13,-6159.728122344954
2025-07-14,-6159.728122344954
2025-07-15,-5947.323704333055
2025-07-16,19590.38290293856
2025-07-17,20480.854853072116
2025-07-18,23820.124666073014
2025-07-19,25155.832591273367
2025-07-20,25823.68655387356
2025-07-21,23597.506678539612
2025-07-22,19590.38290293856
2025-07-23,19367.76491540516
2025-07-24,18922.52894033837
2025-07-25,20480.854853072116
2025-07-26,20926.090828138913
2025-07-27,-1699.2353440951624
2025-07-28,-3186.0662701784263
2025-07-29,445.2359750667945
2025-07-30,0.0
2025-07-31,-424.80883602379794
2025-08-01,890.4719501335583
2025-08-02,1113.0899376669558
2025-08-03,1113.0899376669558
2025-08-04,6455.921638468398
2025-08-05,6678.539626001795
2025-08-06,5565.449688334808
2025-08-07,4897.595725734647
2025-08-08,24042.742653606412
2025-08-09,37399.82190560997
2025-08-10,38290.29385574356
2025-08-11,37845.057880676766
2025-08-12,37622.43989314337
2025-08-13,37399.82190560997
2025-08-14,35618.87800534283
2025-08-15,35618.87800534283
2025-08-16,42742.65360641141
2025-08-17,42742.65360641141
2025-08-18,43855.74354407837
2025-08-19,24042.742653606412
2025-08-20,48530.72128227962
2025-08-21,49198.57524487978
2025-08-22,37845.057880676766
2025-08-23,37622.43989314337
2025-08-24,37845.057880676766
2025-08-25,37399.82190560997
2025-08-26,37399.82190560997
2025-08-27,37399.82190560997
2025-08-28,41852.181656277826
2025-08-29,41406.94568121106
2025-08-30,39403.38379341052
2025-08-31,36731.96794300981
2025-09-01,-40994.05267629565
2025-09-02,-33899.74511469838
2025-09-03,-34197.11129991504
2025-09-04,-16206.457094307563
2025-09-05,-88020.39082412912
2025-09-06,-91886.15123194562
2025-09-07,-109133.38997451146
2025-09-08,-60960.06796941376
2025-09-09,-151210.70518266782
2025-09-10,-151210.70518266782
2025-09-11,-151508.07136788443
2025-09-12,-106011.04502973663
2025-09-13,-61554.80033984707
2025-09-14,-16355.140186915893
2025-09-15,-61108.751062022086
2025-09-16,-105862.36193712831
2025-09-17,-124447.74851316908
2025-09-18,-47801.61427357689
2025-09-19,-41206.45709430758
2025-09-20,-97090.05947323704
2025-09-21,-90845.36958368735
2025-09-22,-40994.05267629565
2025-09-23,-53823.27952421411
2025-09-24,-53377.230246389125
2025-09-25,-51444.35004248089
2025-09-26,-5352.591333899752
2025-09-27,-3717.0773152081497
2025-09-28,-3717.0773152081497
2025-09-29,-5352.591333899752
2025-09-30,-54375.53101104502
2025-10-01,-56074.766355140215
2025-10-02,-55649.95751911642
2025-10-03,-70518.266779949
2025-10-04,-70518.266779949
2025-10-05,-66694.98725573493
2025-10-06,-66694.98725573493
2025-10-07,-101741.71622769753
2025-10-08,-101741.71622769753
